0,201.7
1,201.7
2,201.7
3,201.7
4,201.7
5,201.7
6,201.7
7,201.7
8,201.7
9,201.7
10,201.7
11,201.7
12,201.7
13,201.7
14,201.7
15,201.7
16,201.7
17,201.7
18,201.7
19,201.7
20,201.7
21,201.7
22,201.7
23,201.7
24,201.7
25,201.7
26,201.7
27,201.7
28,201.7
29,201.7
30,201.7
31,201.7
32,201.7
33,201.7
34,201.7
35,201.7
36,201.7
37,201.7
38,201.7
39,201.7
40,201.7
41,201.7
42,201.7
43,201.7
44,201.7
45,201.7
46,201.7
47,201.7
48,201.7
49,201.7
50,201.7
51,201.66331947907142
52,201.61159070159403
53,201.5464301405176
54,201.46945426879205
55,201.38227955936722
56,201.28652248519296
57,201.18379951921938
58,201.07572713439606
59,200.96392180367297
60,200.84999999999997
61,200.73557819632705
62,200.62227286560397
63,200.5117004807807
64,200.40547751480693
65,200.3052204406328
66,200.21254573120794
67,200.12906985948237
68,200.05640929840598
69,199.99618052092853
70,199.95
71,199.91928773562034
72,199.90467783599001
73,199.9066079363597
74,199.92551567198007
75,199.96183867810163
76,200.01601458997504
77,200.088481042851
78,200.17967567198008
79,200.29003611261282
80,200.42000000000002
81,200.56732086119163
82,200.71901579043592
83,200.8594177737804
84,200.97285979727275
85,201.04367484696064
86,201.05619590889168
87,200.99475596911347
88,200.84368801367373
89,200.58732502862006
90,200.21000000000004
91,199.7049788196132
92,199.1012590022665
93,198.43677096851886
94,197.74944513892902
95,197.07721193405587
96,196.4580017744583
97,195.92974508069506
98,195.53037227332499
99,195.2978137729071
100,195.27000000000004
101,195.47162386035575
102,195.87442820049822
103,196.4369183521444
104,197.1175996470113
105,197.874977416816
106,198.66755699327535
107,199.45384370810646
108,200.1923428930263
109,200.84155987975183
110,201.35999999999999
111,201.71803573896392
112,201.93350819574079
113,202.03612562290363
114,202.0555962730257
115,202.02162839868024
116,201.9639302524403
117,201.91221008687913
118,201.89617615456993
119,201.94553670808583
120,202.09
121,202.35083318378852
122,202.7155390165388
123,203.1631791562411
124,203.67281526088587
125,204.22350898846315
126,204.79432199696345
127,205.364315944377
128,205.91255248869408
129,206.41809328790498
130,206.86
131,207.22294152588194
132,207.5140157381041
133,207.74592775213182
134,207.93138268343094
135,208.08308564746707
136,208.21374175970575
137,208.3360561356128
138,208.46273389065374
139,208.60648014029425
140,208.77999999999994
141,208.9923107126835
142,209.23767803104496
143,209.50667983523152
144,209.7898940053904
145,210.0778984216686
146,210.36127096421336
147,210.6305895131717
148,210.87643194869085
149,211.08937615091793
150,211.26000000000002
151,211.381765623384
152,211.459672137716
153,211.50160290694186
154,211.51544129500732
155,211.5090706658583
156,211.49037438344064
157,211.46723581170014
158,211.44753831458266
159,211.439165256034
160,211.45
161,211.48590679378046
162,211.544673418091
163,211.6220685370011
164,211.7138608145803
165,211.8158189148981
166,211.92371150202413
167,212.0333072400277
168,212.14037479297855
169,212.24068282494616
170,212.32999999999998
171,212.40533720149404
172,212.46867418991994
173,212.5232329450537
174,212.57223544667144
175,212.61890367454916
176,212.66645960846301
177,212.7181252281889
178,212.77712251350303
179,212.84667344418136
180,212.93
181,213.02588440024334
182,213.1153498222293
183,213.17497968278406
184,213.181357398734
185,213.11106638690518
186,212.94069006412406
187,212.64681184721672
188,212.2060151530095
189,211.59488339832862
190,210.79000000000033
191,209.7795451975329
192,208.59808652116334
193,207.2917883238105
194,205.90681495839328
195,204.48933077783067
196,203.08550013504163
197,201.74148738294514
198,200.50345687446008
199,199.4175729625055
200,198.5300000000003
201,197.8736748096266
202,197.4286240931192
203,197.16164702197605
204,197.03954276769508
205,197.02911050177426
206,197.09714939571148
207,197.21045862100473
208,197.33583734915197
209,197.44008475165106
210,197.49000000000004
211,197.46093556396193
212,197.36245710636092
213,197.2126835882862
214,197.02973397082712
215,196.83172721507293
216,196.63678228211285
217,196.46301813303626
218,196.3285537289324
219,196.25150803089056
220,196.25000000000003
221,196.33628293452597
222,196.4991474814375
223,196.72151862487945
224,196.98632134899677
225,197.27648063793444
226,197.57492147583733
227,197.8645688468504
228,198.12834773511858
229,198.3491831247868
230,198.51
231,198.5995526979341
232,198.62991296788906
233,198.61898191219592
234,198.58466063318568
235,198.54485023318927
236,198.5174518145377
237,198.52036647956206
238,198.57149533059317
239,198.6887394699622
240,198.89
241,199.18906627373772
242,199.58328064700626
243,200.06587372633692
244,200.63007611826066
245,201.26911842930863
246,201.97623126601192
247,202.74464523490158
248,203.5675909425088
249,204.43829899536462
250,205.35000000000016
251,206.29401220711543
252,207.25400444408612
253,208.2117331824568
254,209.14895489377216
255,210.04742604957676
256,210.88890312141524
257,211.65514258083223
258,212.3279008993723
259,212.88893454858004
260,213.32000000000014
261,213.60888489780143
262,213.76750157665015
263,213.81379354383665
264,213.76570430665151
265,213.6411773723851
266,213.4581562483279
267,213.2345844417703
268,212.98840546000284
269,212.73756281031584
270,212.4999999999999
271,212.2900682016793
272,212.10774924931363
273,211.94943264219665
274,211.81150787962187
275,211.69036446088288
276,211.58239188527318
277,211.4839796520865
278,211.39151726061635
279,211.3013942101563
280,211.21000000000004
281,211.11443229548124
282,211.014621426095
283,210.91120588737647
284,210.80482417486087
285,210.69611478408333
286,210.58571621057922
287,210.4742669498836
288,210.36240549753168
289,210.25077034905874
290,210.14
291,210.03079261639556
292,209.92408504630617
293,209.82087380829725
294,209.7221554209345
295,209.62892640278346
296,209.5421832724098
297,209.46292254837894
298,209.3921407492567
299,209.33083439360854
300,209.27999999999997
301,209.2394372389363
302,209.20415838868024
303,209.1679788794343
304,209.1247141414009
305,209.06817960478253
306,208.99219069978147
307,208.8905628566003
308,208.75711150544132
309,208.585652076507
310,208.3699999999998
311,208.10614842785913
312,207.79880139897267
313,207.45484067396515
314,207.08114801346136
315,206.6846051780859
316,206.27209392846362
317,205.8504960252191
318,205.4266932289771
319,205.00756730036233
320,204.5999999999996
321,204.20793904962582
322,203.82359601542746
323,203.43624842470317
324,203.0351738047517
325,202.60964968287172
326,202.14895358636196
327,201.64236304252108
328,201.07915557864786
329,200.44860872204097
330,199.73999999999907
331,198.94976537363465
332,198.1029745393144
333,197.23185562721895
334,196.36863676752864
335,195.54554609042384
336,194.79481172608516
337,194.14866180469298
338,193.63932445642774
339,193.29902781146993
340,193.16000000000003
341,193.24151945583142
342,193.51106582731055
343,193.92316906641693
344,194.43235912512995
345,194.99316595542913
346,195.56011950929397
347,196.087749738704
348,196.5305865956387
349,196.84316003207758
350,196.9800000000001
351,196.91122680303948
352,196.66932215144374
353,196.30235810711443
354,195.85840673195312
355,195.38554008786136
356,194.93183023674072
357,194.5453492404927
358,194.27416916101893
359,194.166362060221
360,194.27000000000038
361,194.61778333201076
362,195.1809255669142
363,195.91526850512489
364,196.77665394705713
365,197.72092369312514
366,198.7039195437432
367,199.68148329932558
368,200.60945676028655
369,201.4436817270403
370,202.14000000000112
371,202.66496986892125
372,203.02801558090422
373,203.24927787239142
374,203.34889747982433
375,203.34701513964427
376,203.2637715882928
377,203.11930756221108
378,202.93376379784075
379,202.72728103162314
380,202.51999999999964
381,202.325377192308
382,202.13013210947204
383,201.91430000531162
384,201.65791613364706
385,201.34101574829842
386,200.94363410308577
387,200.4458064518293
388,199.82756804834906
389,199.06895414646522
390,198.14999999999785
391,197.06541136184362
392,195.8685759812042
393,194.6275521063579
394,193.4103979855827
395,192.2851718671569
396,191.31993199935846
397,190.58273663046555
398,190.14164400875632
399,190.06471238250887
400,190.42000000000138
401,191.24169736030987
402,192.4285239657033
403,193.84533156924914
404,195.35697192401474
405,196.82829678306743
406,198.12415789947474
407,199.10940702630393
408,199.6488959166225
409,199.6074763234978
410,198.84999999999724
411,197.2915791969193
412,195.04836815598597
413,192.2867816166494
414,189.17323431836198
415,185.87414100057592
416,182.55591640274358
417,179.38497526431712
418,176.527732324749
419,174.15060232349134
420,172.41999999999652
421,171.45651585199502
422,171.19744341033143
423,171.53425196412917
424,172.35841080251177
425,173.56138921460263
426,175.03465648952536
427,176.66968191640333
428,178.35793478436005
429,179.990884382519
430,181.4600000000037
431,182.6818673950928
432,183.67353820268534
433,184.47718052683499
434,185.13496247159568
435,185.68905214102105
436,186.181617639165
437,186.65482707008132
438,187.15084853782372
439,187.7118501464461
440,188.38000000000213
441,189.19042456764686
442,190.15008377894034
443,191.25889592854392
444,192.51677931111897
445,193.9236522213269
446,195.47943295382902
447,197.18403980328662
448,199.03739106436123
449,201.03940503171413
450,203.19000000000662
451,205.48013433434002
452,207.86492668157504
453,210.2905357590124
454,212.7031202839528
455,215.04883897369723
456,217.27385054554614
457,219.32431371680048
458,221.14638720476088
459,222.68622972672824
460,223.89000000000323
461,224.72144809502583
462,225.21468949479285
463,225.4214310354397
464,225.39337955310222
465,225.18224188391588
466,224.83972486401643
467,224.41753532953933
468,223.96738011662035
469,223.54096606139507
470,223.1899999999991
471,222.9531132855714
472,222.81663533926516
473,222.75382009923712
474,222.73792150364412
475,222.74219349064276
476,222.73988999838994
477,222.70426496504237
478,222.6085723287568
479,222.42606602769
480,222.12999999999874
481,221.70448876268676
482,221.17708914814455
483,220.58621856760954
484,219.97029443231906
485,219.36773415351036
486,218.81695514242082
487,218.35637481028775
488,218.02441056834846
489,217.85947982784032
490,217.90000000000063
491,218.17018166367592
492,218.63740806815062
493,219.25485563031881
494,219.97570076707416
495,220.75311989531082
496,221.54028943192264
497,222.29038579380367
498,222.95658539784773
499,223.49206466094887
500,223.850000000001
501,223.9977345826137
502,223.95927857925852
503,223.77280891112235
504,223.4765024993921
505,223.10853626525463
506,222.70708712989685
507,222.3103320145055
508,221.95644784026766
509,221.6836115283701
510,221.5299999999997
511,221.52259000587188
512,221.64355761481636
513,221.8638787251917
514,222.15452923535653
515,222.48648504366918
516,222.83072204848833
517,223.15821614817247
518,223.4399432410802
519,223.64687922556988
520,223.75000000000026
521,223.7283253938998
522,223.59305096147773
523,223.36341618811298
524,223.05866055918446
525,222.69802356007122
526,222.30074467615225
527,221.88606339280656
528,221.47321919541304
529,221.08145156935078
530,220.7299999999987
531,220.43270841852686
532,220.18183853926962
533,219.96425652235243
534,219.7668285279009
535,219.57642071604053
536,219.3798992468967
537,219.16413028059515
538,218.91597997726114
539,218.62231449702043
540,218.2699999999984
541,217.85137093198622
542,217.38063488143737
543,216.87746772247075
544,216.36154532920534
545,215.85254357576014
546,215.37013833625403
547,214.93400548480594
548,214.56382089553486
549,214.27926044255975
550,214.0999999999995
551,214.0385278535197
552,214.07858193497216
553,214.19671258775577
554,214.36947015526906
555,214.57340498091074
556,214.78506740807953
557,214.98100778017417
558,215.1377764405933
559,215.23192373273562
560,215.23999999999984
561,215.1458176539326
562,214.96223737867243
563,214.70938192650564
564,214.40737404971844
565,214.0763365005972
566,213.7363920314281
567,213.4076633944975
568,213.11027334209166
569,212.86434462649683
570,212.68999999999937
571,212.60205153074716
572,212.59406855033455
573,212.65430970621773
574,212.77103364585298
575,212.9324990166963
576,213.12696446620396
577,213.34268864183207
578,213.56793019103682
579,213.7909477612744
580,214.000000000001
581,214.1840962230782
582,214.33524841998963
583,214.44621924862432
584,214.50977136687126
585,214.5186674326196
586,214.4656701037583
587,214.34354203817648
588,214.14504589376304
589,213.86294432840725
590,213.48999999999796
591,213.0254835769408
592,212.4946977697071
593,211.92945329928455
594,211.36156088666073
595,210.8228312528234
596,210.3450751187601
597,209.96010320545855
598,209.69972623390646
599,209.59575492509134
600,209.68000000000097
601,209.9733794691516
602,210.4532405011746
603,211.08603755423033
604,211.838225086479
605,212.67625755608117
606,213.5665894211969
607,214.47567513998678
608,215.36996917061094
609,216.21592597122986
610,216.98000000000377
611,217.63674854646158
612,218.19314022560607
613,218.66424648380817
614,219.06513876743892
615,219.41088852286933
616,219.71656719647046
617,219.99724623461316
618,220.26799708366866
619,220.5438911900078
620,220.84000000000168
621,221.17064634501872
622,221.5471585964171
623,221.98011651055242
624,222.4800998437803
625,223.0576883524564
626,223.72346179293626
627,224.48799992157564
628,225.36188249473008
629,226.35568926875519
630,227.48000000000664
631,228.73623607348168
632,230.0891853887449
633,231.4944774740027
634,232.9077418574616
635,234.28460806732818
636,235.58070563180883
637,236.75166407911004
638,237.75311293743835
639,238.54068173500025
640,239.07000000000227
641,239.31162936108635
642,239.2958598486359
643,239.06791359346943
644,238.67301272640512
645,238.1563793782615
646,237.56323567985706
647,236.93880376201
648,236.32830575553888
649,235.77696379126198
650,235.32999999999785
651,235.02182648218147
652,234.84361521671568
653,234.77572815212048
654,234.79852723691565
655,234.89237441962115
656,235.03763164875696
657,235.2146608728429
658,235.40382404039892
659,235.58548309994492
660,235.74000000000083
661,235.85219471018362
662,235.9247192844984
663,235.96468379804696
664,235.97919832593143
665,235.97537294325363
666,235.9603177251156
667,235.94114274661928
668,235.92495808286665
669,235.9188738089596
670,235.93000000000018
671,235.9649246770853
672,236.02814764529217
673,236.12364665569314
674,236.25539945936043
675,236.4273838073662
676,236.64357745078286
677,236.9079581406826
678,237.22450362813765
679,237.59719166422036
680,238.03000000000296
681,238.5222065814803
682,239.0542901343387
683,239.602029579187
684,240.1412038366343
685,240.6475918272895
686,241.0969724717616
687,241.46512469065965
688,241.72782740459266
689,241.8608595341696
690,241.83999999999935
691,241.6504889970051
692,241.3154118173649
693,240.86731502757047
694,240.33874519411359
695,239.76224888348597
696,239.17037266217937
697,238.59566309668566
698,238.07066675349637
699,237.62793019910342
700,237.2999999999985
701,237.11228743049526
702,237.0616625961956
703,237.13786031052337
704,237.3306153869027
705,237.62966263875754
706,238.02473687951183
707,238.50557292258964
708,239.06190558141486
709,239.68346966941158
710,240.36000000000377
711,241.0803812810133
712,241.83009779785468
713,242.59378373034
714,243.35607325828164
715,244.1016005614918
716,244.81499981978288
717,245.48090521296712
718,246.08395092085684
719,246.60877112326432
720,247.04000000000178
721,247.36654744546746
722,247.5944262124024
723,247.73392476813353
724,247.7953315799877
725,247.7889351152917
726,247.7250238413724
727,247.6138862255566
728,247.4658107351713
729,247.2910858375432
730,247.09999999999928
731,246.90183893712512
732,246.7018773525422
733,246.50438719713085
734,246.31364042177137
735,246.13390897734396
736,245.96946481472906
737,245.82457988480687
738,245.70352613845773
739,245.610575526562
740,245.54999999999993
741,245.5242368060304
742,245.5283843774267
743,245.55570644334074
744,245.59946673292464
745,245.65292897533013
746,245.7093568997092
747,245.76201423521383
748,245.80416471099582
749,245.82907205620728
750,245.82999999999998
751,245.80204383875267
752,245.7476251377506
753,245.67099702950577
754,245.57641264653012
755,245.46812512133565
756,245.3503875864343
757,245.22745317433802
758,245.10357501755894
759,244.98300624860883
760,244.8699999999998
761,244.76818783895845
762,244.67871507157028
763,244.60210543863545
764,244.53888268095412
765,244.4895705393265
766,244.45469275455284
767,244.43477306743307
768,244.43033521876765
769,244.44190294935663
770,244.47000000000014
771,244.5139748054129
772,244.56847457596774
773,244.62697121595198
774,244.68293662965291
775,244.7298427213579
776,244.76116139535424
777,244.7703645559293
778,244.75092410737034
779,244.69631195396477
780,244.59999999999988
781,244.45708293939015
782,244.26914662455903
783,244.0393996975569
784,243.77105080043435
785,243.46730857524193
786,243.13138166403013
787,242.7664787088495
788,242.37580835175052
789,241.9625792347838
790,241.52999999999975
791,241.08130343702555
792,240.61981892579524
793,240.14889999381938
794,239.67190016860843
795,239.1921729776731
796,238.71307194852392
797,238.23795060867135
798,237.7701624856262
799,237.31306110689886
800,236.86999999999998
801,236.44300331250625
802,236.02877767225866
803,235.62270032716444
804,235.2201485251308
805,234.8164995140648
806,234.40713054187358
807,233.98741885646436
808,233.5527417057443
809,233.09847633762053
810,232.62000000000023
811,232.1148533129495
812,231.5892303851702
813,231.05148869752298
814,230.50998573086886
815,229.97307896606847
816,229.4491258839826
817,228.94648396547205
818,228.47351069139768
819,228.03856354262018
820,227.65000000000043
821,227.31565343569727
822,227.0412607870623
823,226.83203488274515
824,226.69318855139565
825,226.62993462166332
826,226.64748592219797
827,226.75105528164914
828,226.94585552866667
829,227.23709949190015
830,227.62999999999937
831,228.12469294426236
832,228.70100646658128
833,229.33369177149652
834,229.99750006354856
835,230.66718254727786
836,231.31749042722487
837,231.92317490793005
838,232.45898719393392
839,232.89967848977693
840,233.21999999999946
841,233.40292478725002
842,233.464313346609
843,233.42824803126487
844,233.31881119440607
845,233.16008518922112
846,232.97615236889845
847,232.7910950866265
848,232.62899569559383
849,232.51393654898885
850,232.47000000000008
851,232.5128279067355
852,232.62430014698134
853,232.77785610344333
854,232.94693515882702
855,233.10497669583796
856,233.22542009718205
857,233.28170474556478
858,233.24727002369178
859,233.09555531426872
860,232.8000000000013
861,232.34596358580876
862,231.76648606546632
863,231.10652755496275
864,230.41104817028702
865,229.72500802742815
866,229.093367242375
867,228.56108593111662
868,228.1731242096419
869,227.97444219393984
870,228.00999999999937
871,228.30961775003456
872,228.8425555911592
873,229.56293367671168
874,230.42487216003067
875,231.38249119445464
876,232.3899109333221
877,233.40125152997155
878,234.3706331377415
879,235.2521759099705
880,235.9999999999971
881,236.57978541404606
882,237.00345156988766
883,237.29447773817915
884,237.47634318957736
885,237.57252719473922
886,237.60650902432195
887,237.60176794898234
888,237.58178323937747
889,237.57003416616428
890,237.58999999999986
891,237.65982059377055
892,237.77627812928066
893,237.9308153705636
894,238.1148750816529
895,238.31990002658213
896,238.53733296938475
897,238.75861667409424
898,238.97519390474412
899,239.17850742536794
900,239.35999999999913
901,239.51128221086717
902,239.62463591298513
903,239.69251077956193
904,239.70735648380662
905,239.66162269892823
906,239.5477590981356
907,239.3582153546378
908,239.08544114164386
909,238.7218861323626
910,238.2600000000032
911,237.69552056276137
912,237.03733821878077
913,236.29763151119192
914,235.48857898312542
915,234.6223591777118
916,233.71115063808162
917,232.76713190736538
918,231.8024815286938
919,230.8293780451973
920,229.8600000000065
921,228.90625553810827
922,227.97897121191508
923,227.08870317569566
924,226.24600758371886
925,225.46144059025332
926,224.74555834956786
927,224.1089170159312
928,223.56207274361216
929,223.11558168687955
930,222.78000000000202
931,222.56169728483616
932,222.45029693358862
933,222.43123578605397
934,222.48995068202655
935,222.61187846130068
936,222.78245596367077
937,222.98712002893126
938,223.2113074968764
939,223.44045520730063
940,223.65999999999838
941,223.85708532255714
942,224.02568105373737
943,224.1614636800929
944,224.26010968817738
945,224.31729556454457
946,224.32869779574824
947,224.28999286834207
948,224.19685726887982
949,224.04496748391523
950,223.83000000000214
951,223.55301142493343
952,223.2365788514603
953,222.90865949357337
954,222.59721056526337
955,222.33018928052093
956,222.13555285333675
957,222.04125849770142
958,222.07526342760573
959,222.2655248570403
960,222.63999999999575
961,223.21395897771205
962,223.95192354042413
963,224.80572834561565
964,225.72720805077012
965,226.66819731337108
966,227.58053079090215
967,228.41604314084685
968,229.1265690206887
969,229.66394308791132
970,229.97999999999826
971,230.04446266419774
972,229.89860698681917
973,229.6015971239377
974,229.21259723162837
975,228.79077146596643
976,228.3952839830269
977,228.0852989388849
978,227.91998048961557
979,227.95849279129405
980,228.25999999999544
981,228.86278036548566
982,229.72156851229104
983,230.7702131586277
984,231.94256302271143
985,233.17246682275825
986,234.39377327698404
987,235.54033110360479
988,236.54598902083643
989,237.34459574689484
990,237.86999999999608
991,238.07578587382957
992,237.9944789639817
993,237.67834024151347
994,237.17963067748613
995,236.55061124296085
996,235.84354290899873
997,235.11068664666092
998,234.40430342700847
999,233.77665422110275
1000,233.2800000000047
1001,232.95398613918894
1002,232.78779563178244
1003,232.75799587532464
1004,232.8411542673549
1005,233.01383820541272
1006,233.25261508703764
1007,233.53405230976912
1008,233.8347172711465
1009,234.13117736870936
1010,234.39999999999714
1011,234.62418956942258
1012,234.81249850889301
1013,234.98011625718937
1014,235.1422322530926
1015,235.3140359353838
1016,235.51071674284393
1017,235.74746411425397
1018,236.03946748839502
1019,236.401916304048
1020,236.84999999999386
1021,237.39222558310658
1022,238.01037033263026
1023,238.67952909590136
1024,239.37479672025657
1025,240.0712680530322
1026,240.74403794156493
1027,241.3682012331912
1028,241.9188527752476
1029,242.37108741507058
1030,242.69999999999666
1031,242.88916809811812
1032,242.95610016055153
1033,242.9267873591698
1034,242.8272208658458
1035,242.68339185245242
1036,242.5212914908628
1037,242.3669109529497
1038,242.24624141058607
1039,242.18527403564488
1040,242.209999999999
1041,242.33852202440488
1042,242.55738902515142
1043,242.8452614674104
1044,243.18079981635353
1045,243.54266453715266
1046,243.9095160949794
1047,244.26001495500557
1048,244.57282158240292
1049,244.82659644234326
1050,244.9999999999982
1051,245.0774338042508
1052,245.0662637388294
1053,244.97959677117413
1054,244.83053986872497
1055,244.63219999892212
1056,244.39768412920552
1057,244.14009922701527
1058,243.87255225979146
1059,243.60815019497417
1060,243.3600000000035
1061,243.1404027585908
1062,242.95843601953274
1063,242.82237144789738
1064,242.74048070875264
1065,242.72103546716644
1066,242.7723073882068
1067,242.90256813694162
1068,243.12008937843896
1069,243.43314277776676
1070,243.8499999999929
1071,244.37380516138896
1072,244.98719218304
1073,245.66766743723397
1074,246.39273729625899
1075,247.1399081324031
1076,247.88668631795434
1077,248.61057822520087
1078,249.28909022643074
1079,249.89972869393193
1080,250.41999999999263
1081,250.83390659581582
1082,251.1514352482656
1083,251.38906880312194
1084,251.56329010616446
1085,251.69058200317295
1086,251.78742733992723
1087,251.870308962207
1088,251.9557097157921
1089,252.0601124464623
1090,252.19999999999737
1091,252.38826845531267
1092,252.62346682386584
1093,252.90055735024967
1094,253.21450227905692
1095,253.56026385488056
1096,253.93280432231336
1097,254.3270859259481
1098,254.7380709103777
1099,255.16072152019498
1100,255.58999999999276
1101,256.0207495829065
1102,256.44733745624256
1103,256.86401179584976
1104,257.2650207775769
1105,257.64461257727294
1106,257.9970353707867
1107,258.3165373339672
1108,258.5973666426632
1109,258.8337714727235
1110,259.0199999999972
1111,259.15164321302683
1112,259.22966335113006
1113,259.25636546631864
1114,259.2340546106041
1115,259.1650358359983
1116,259.05161419451264
1117,258.89609473815887
1118,258.70078251894864
1119,258.4679825888935
1120,258.2000000000052
1121,257.9003175649774
1122,257.57712913923245
1123,257.23980633887487
1124,256.89772078000937
1125,256.56024407874037
1126,256.2367478511724
1127,255.93660371341014
1128,255.66918328155808
1129,255.44385817172073
1130,255.27000000000274
1131,255.15304652708647
1132,255.0827000919646
1133,255.0447291782073
1134,255.0249022693847
1135,255.0089878490669
1136,254.98275440082406
1137,254.93197040822633
1138,254.8424043548438
1139,254.69982472424653
1140,254.49000000000476
1141,254.2029263266958
1142,253.8455104929269
1143,253.42888694831296
1144,252.96419014246894
1145,252.46255452500978
1146,251.93511454555045
1147,251.39300465370587
1148,250.84735929909095
1149,250.30931293132073
1150,249.79000000001002
1151,249.30052816616637
1152,248.85189793636744
1153,248.4550830285831
1154,248.12105716078364
1155,247.86079405093906
1156,247.68526741701947
1157,247.605450976995
1158,247.6323184488358
1159,247.77684355051178
1160,248.04999999999313
1161,248.45597100867283
1162,248.97177776163355
1163,249.56765093737985
1164,250.2138212144165
1165,250.88051927124818
1166,251.53797578637946
1167,252.15642143831508
1168,252.70608690555977
1169,253.1572028666181
1170,253.4799999999948
1171,253.65264779911175
1172,253.68507101706203
1173,253.5951332218568
1174,253.40069798150722
1175,253.1196288640247
1176,252.76978943742037
1177,252.36904326970534
1178,251.9352539288911
1179,251.4862849829887
1180,251.04000000000946
1181,250.61173779487123
1182,250.2067381701181
1183,249.8277161752004
1184,249.47738685956858
1185,249.15846527267294
1186,248.87366646396399
1187,248.62570548289207
1188,248.4172973789075
1189,248.25115720146073
1190,248.13000000000218
1191,248.0545110214384
1192,248.01725630250073
1193,248.00877207737628
1194,248.01959458025232
1195,248.04026004531605
1196,248.06130470675467
1197,248.0732647987554
1198,248.06667655550538
1199,248.03207621119188
1200,247.9600000000022
1201,247.84437811939208
1202,247.69271661989328
1203,247.51591551530646
1204,247.32487481943244
1205,247.13049454607201
1206,246.94367470902594
1207,246.77531532209494
1208,246.63631639907985
1209,246.53757795378147
1210,246.49000000000046
1211,246.5010265010061
1212,246.56427721794003
1213,246.66991586141208
1214,246.808106142032
1215,246.9690117704093
1216,247.14279645715376
1217,247.31962391287516
1218,247.4896578481831
1219,247.64306197368728
1220,247.76999999999742
1221,247.86196587658162
1222,247.91577450834174
1223,247.92957103903814
1224,247.9015006124314
1225,247.8297083722819
1226,247.7123394623501
1227,247.54753902639635
1228,247.3334522081812
1229,247.06822415146507
1230,246.75000000000838
1231,246.37951999266951
1232,245.96790474869857
1233,245.52886998244426
1234,245.0761314082551
1235,244.62340474047954
1236,244.18440569346618
1237,243.77284998156352
1238,243.40245331912016
1239,243.08693142048452
1240,242.8400000000052
1241,242.6712541527805
1242,242.5738064969067
1243,242.53664903122925
1244,242.54877375459344
1245,242.5991726658448
1246,242.67683776382873
1247,242.7707610473906
1248,242.86993451537586
1249,242.96335016663002
1250,243.03999999999837
1251,243.09142339623023
1252,243.11934926369116
1253,243.12805389265094
1254,243.12181357337943
1255,243.1049045961463
1256,243.08160325122142
1257,243.0561858288745
1258,243.0329286193755
1259,243.01610791299407
1260,243.01
1261,243.01705226229757
1262,243.03239644832803
1263,243.04933539816676
1264,243.06117195188924
1265,243.06120894957084
1266,243.042749231287
1267,242.99909563711302
1268,242.92355100712444
1269,242.80941818139658
1270,242.65000000000498
1271,242.44109755458354
1272,242.18850494300187
1273,241.90051451468855
1274,241.58541861907207
1275,241.2515096055811
1276,240.90707982364415
1277,240.5604216226898
1278,240.21982735214655
1279,239.89358936144308
1280,239.59000000000796
1281,239.31505751940009
1282,239.06558377969972
1283,238.83610654311738
1284,238.6211535718631
1285,238.41525262814736
1286,238.21293147418038
1287,238.00871787217258
1288,237.7971395843342
1289,237.5727243728756
1290,237.33000000000703
1291,237.06573236785866
1292,236.78563993824054
1293,236.4976793128827
1294,236.20980709351542
1295,235.9299798818689
1296,235.66615427967318
1297,235.42628688865858
1298,235.21833431055512
1299,235.05025314709314
1300,234.9300000000027
1301,234.86248300920406
1302,234.84041646737663
1303,234.85346620538948
1304,234.89129805411162
1305,234.94357784441186
1306,234.99997140715945
1307,235.05014457322315
1308,235.08376317347208
1309,235.09049303877526
1310,235.0600000000016
1311,234.98438559534065
1312,234.86549419226534
1313,234.70760586556958
1314,234.51500069004712
1315,234.2919587404919
1316,234.04276009169774
1317,233.77168481845854
1318,233.48301299556817
1319,233.18102469782048
1320,232.8700000000093
1321,232.5538846094555
1322,232.23528676358774
1323,231.9164803323615
1324,231.59973918573243
1325,231.28733719365596
1326,230.9815482260877
1327,230.68464615298313
1328,230.3989048442979
1329,230.1265981699875
1330,229.87000000000748
1331,229.63123596688473
1332,229.41183875343197
1333,229.213192805033
1334,229.03668256707186
1335,228.88369248493248
1336,228.7556070039988
1337,228.65381056965478
1338,228.57968762728427
1339,228.5346226222714
1340,228.52000000000004
1341,228.53585152304166
1342,228.5767982227176
1343,228.63610844753657
1344,228.70705054600722
1345,228.78289286663818
1346,228.8569037579381
1347,228.92235156841562
1348,228.97250464657952
1349,229.00063134093824
1350,229.00000000000054
1351,228.9662279409537
1352,228.90432835570007
1353,228.82166340482112
1354,228.7255952488983
1355,228.62348604851303
1356,228.52269796424673
1357,228.43059315668083
1358,228.35453378639684
1359,228.30188201397613
1360,228.28000000000014
1361,228.29289671314802
1362,228.33116835448828
1363,228.38205793318653
1364,228.43280845840843
1365,228.47066293931948
1366,228.48286438508535
1367,228.45665580487153
1368,228.37928020784372
1369,228.2379806031675
1370,228.02000000000848
1371,227.7187652064633
1372,227.3524382263559
1373,226.94536486244252
1374,226.5218909174792
1375,226.10636219422213
1376,225.7231244954276
1377,225.39652362385178
1378,225.15090538225076
1379,225.01061557338076
1380,224.99999999999804
1381,225.13424246103514
1382,225.39187874012714
1383,225.74228261708362
1384,226.1548278717143
1385,226.5988882838289
1386,227.04383763323693
1387,227.4590496997482
1388,227.8138982631723
1389,228.07775710331885
1390,228.2199999999976
1391,228.21890494938327
1392,228.08836681311413
1393,227.85118466919542
1394,227.5301575956323
1395,227.14808467042994
1396,226.7277649715935
1397,226.29199757712817
1398,225.8635815650391
1399,225.46531601333152
1400,225.12000000001058
1401,224.84506774144268
1402,224.63649400743734
1403,224.48488870616413
1404,224.38086174579274
1405,224.3150230344927
1406,224.27798248043374
1407,224.26034999178546
1408,224.25273547671745
1409,224.24574884339935
1410,224.2300000000008
1411,224.19880408488225
1412,224.15629715716867
1413,224.10932050617623
1414,224.0647154212215
1415,224.0293231916206
1416,224.00998510668987
1417,224.01354245574566
1418,224.04683652810422
1419,224.116708613082
1420,224.2299999999952
1421,224.39125591903527
1422,224.5958373638926
1423,224.8368092691325
1424,225.10723656931992
1425,225.40018419902006
1426,225.70871709279797
1427,226.02590018521875
1428,226.34479841084757
1429,226.6584767042495
1430,226.95999999998966
1431,227.24213223894282
1432,227.49643338722262
1433,227.7141624172524
1434,227.88657830145533
1435,228.00494001225465
1436,228.06050652207375
1437,228.0445368033357
1438,227.9482898284639
1439,227.76302456988168
1440,227.48000000001213
1441,227.0958451251644
1442,226.6286690871934
1443,226.10195106184094
1444,225.5391702248489
1445,224.96380575195903
1446,224.3993368189133
1447,223.86924260145346
1448,223.39700227532148
1449,223.00609501625917
1450,222.7200000000083
1451,222.55485726045623
1452,222.49745026406833
1453,222.52722333545412
1454,222.62362079922283
1455,222.76608697998384
1456,222.93406620234637
1457,223.10700279091984
1458,223.26434107031358
1459,223.3855253651368
1460,223.4499999999989
1461,223.44276583304386
1462,223.37104985655668
1463,223.24763559635812
1464,223.08530657826913
1465,222.89684632811054
1466,222.69503837170328
1467,222.49266623486807
1468,222.30251344342588
1469,222.13736352319756
1470,222.010000000004
1471,221.9304894073806
1472,221.8980303097207
1473,221.9091042791315
1474,221.96019288772007
1475,222.04777770759372
1476,222.16834031085972
1477,222.31836226962528
1478,222.49432515599756
1479,222.69271054208386
1480,222.90999999999133
1481,223.1432365374344
1482,223.39170890455603
1483,223.65526728710634
1484,223.93376187083578
1485,224.2270428414945
1486,224.5349603848327
1487,224.85736468660068
1488,225.1941059325486
1489,225.5450343084268
1490,225.90999999998556
1491,226.28865444283193
1492,226.67985407200086
1493,227.08225657238427
1494,227.49451962887383
1495,227.91530092636134
1496,228.34325814973874
1497,228.7770489838977
1498,229.21533111373014
1499,229.65676222412785
1500,230.09999999998254
1501,230.5430356911512
1502,230.9811948073515
1503,231.40913642326583
1504,231.82151961357678
1505,232.21300345296686
1506,232.57824701611855
1507,232.9119093777145
1508,233.20864961243717
1509,233.46312679496907
1510,233.66999999999274
1511,233.8253827924732
1512,233.93120669850566
1513,233.99085773446822
1514,234.00772191673903
1515,233.98518526169602
1516,233.9266337857174
1517,233.83545350518105
1518,233.71503043646527
1519,233.56875059594802
1520,233.40000000000734
1521,233.21235313892578
1522,233.01013839860408
1523,232.79787263884742
1524,232.58007271946087
1525,232.3612555002497
1526,232.14593784101913
1527,231.93863660157425
1528,231.74386864172033
1529,231.56615082126248
1530,231.410000000006
1531,231.27847465185542
1532,231.16879970711295
1533,231.07674171017968
1534,230.99806720545678
1535,230.92854273734545
1536,230.86393485024692
1537,230.80001008856232
1538,230.7325349966928
1539,230.65727611903966
1540,230.57000000000397
1541,230.46912825368483
1542,230.36370277297377
1543,230.26542052046085
1544,230.1859784587362
1545,230.13707355038989
1546,230.13040275801197
1547,230.17766304419254
1548,230.29055137152176
1549,230.48076470258957
1550,230.75999999998615
1551,231.13479233341022
1552,231.59102920099298
1553,232.10943620797275
1554,232.67073895958822
1555,233.2556630610777
1556,233.84493411767986
1557,234.4192777346331
1558,234.95941951717586
1559,235.44608507054673
1560,235.85999999998415
1561,236.18661241259554
1562,236.4302604229668
1563,236.60000464755376
1564,236.70490570281243
1565,236.7540242051988
1566,236.75642077116876
1567,236.72115601717837
1568,236.65729055968353
1569,236.57388501514006
1570,236.48000000000417
1571,236.3827380161456
1572,236.28136910708855
1573,236.1732052017708
1574,236.05555822913004
1575,235.92574011810382
1576,235.78106279762991
1577,235.618838196646
1578,235.43637824408975
1579,235.23099486889876
1580,235.0000000000108
1581,234.7421655228392
1582,234.4621031487013
1583,234.16588454539024
1584,233.85958138069964
1585,233.5492653224226
1586,233.24100803835267
1587,232.94088119628307
1588,232.6549564640072
1589,232.3893055093184
1590,232.15000000001004
1591,231.94234989255813
1592,231.76861829816914
1593,231.63030661673196
1594,231.52891624813557
1595,231.46594859226877
1596,231.44290504902057
1597,231.46128701827988
1598,231.52259589993568
1599,231.6283330938768
1600,231.77999999999213
1601,231.97679490696464
1602,232.20870365865198
1603,232.463408987705
1604,232.7285936267748
1605,232.99194030851226
1606,233.24113176556838
1607,233.46385073059406
1608,233.64777993624037
1609,233.78060211515816
1610,233.84999999999854
1611,233.84661047955464
1612,233.77288706719062
1613,233.63423743241367
1614,233.43606924473113
1615,233.18379017365007
1616,232.88280788867786
1617,232.53853005932157
1618,232.15636435508853
1619,231.741718445486
1620,231.30000000002107
1621,230.83758317483634
1622,230.3647080726164
1623,229.89258128268145
1624,229.4324093943514
1625,228.9953989969466
1626,228.5927566797871
1627,228.23568903219308
1628,227.93540264348465
1629,227.70310410298194
1630,227.55000000000518
1631,227.4834968211903
1632,227.49580064243472
1633,227.57531743695063
1634,227.71045317795028
1635,227.88961383864586
1636,228.10120539224954
1637,228.3336338119736
1638,228.57530507103016
1639,228.81462514263154
1640,229.0399999999899
1641,229.24139954042025
1642,229.41504935765042
1643,229.55873896951135
1644,229.6702578938342
1645,229.7473956484498
1646,229.78794175118938
1647,229.78968571988386
1648,229.75041707236437
1649,229.66792532646184
1650,229.5400000000073
1651,229.36492501710387
1652,229.14296192694306
1653,228.87486668498852
1654,228.56139524670385
1655,228.20330356755275
1656,227.80134760299885
1657,227.3562833085058
1658,226.86886663953737
1659,226.3398535515571
1660,225.7700000000287
1661,225.16376039122375
1662,224.54038293464748
1663,223.92281429061433
1664,223.33400111943862
1665,222.79689008143464
1666,222.33442783691672
1667,221.9695610461992
1668,221.72523636959636
1669,221.6244004674227
1670,221.68999999999238
1671,221.93523341811525
1672,222.33430633457775
1673,222.8516761526589
1674,223.45180027563774
1675,224.0991361067932
1676,224.75814104940437
1677,225.39327250675026
1678,225.9689878821099
1679,226.44974457876228
1680,226.79999999998648
1681,226.99457593627497
1682,227.04975172698087
1683,226.9921710986736
1684,226.84847777792288
1685,226.64531549129828
1686,226.40932796536939
1687,226.1671589267058
1688,225.94545210187707
1689,225.77085121745287
1690,225.6700000000028
1691,225.6617428367431
1692,225.733726757472
1693,225.8657994526321
1694,226.03780861266603
1695,226.22960192801628
1696,226.42102708912543
1697,226.5919317864361
1698,226.7221637103909
1699,226.79157055143236
1700,226.78000000000307
1701,226.67573271674712
1702,226.5007812431206
1703,226.2855910907835
1704,226.06060777139595
1705,225.85627679661803
1706,225.70304367810988
1707,225.63135392753156
1708,225.6716530565432
1709,225.85438657680493
1710,226.2099999999768
1711,226.75596629626372
1712,227.45786827004193
1713,228.26831618422838
1714,229.13992030174015
1715,230.02529088549423
1716,230.87703819840755
1717,231.64777250339722
1718,232.29010406338014
1719,232.7566431412734
1720,232.99999999999397
1721,232.98784209808238
1722,232.74806567658229
1723,232.3236241721656
1724,231.75747102150422
1725,231.09255966127003
1726,230.37184352813492
1727,229.63827605877083
1728,228.93481068984963
1729,228.30440085804312
1730,227.79000000002333
1731,227.42360531141762
1732,227.19338902366945
1733,227.07656712717412
1734,227.0503556123269
1735,227.09197046952337
1736,227.17862768915893
1737,227.28754326162885
1738,227.3959331773287
1739,227.48101342665382
1740,227.51999999999964
1741,227.496116656319
1742,227.41661822879908
1743,227.2947673191863
1744,227.14382652922714
1745,226.97705846066805
1746,226.80772571525554
1747,226.6490908947361
1748,226.5144166008562
1749,226.41696543536233
1750,226.37000000000097
1751,226.38255806333132
1752,226.44677806116076
1753,226.55057359610774
1754,226.6818582707911
1755,226.8285456878295
1756,226.97854944984147
1757,227.1197831594458
1758,227.2401604192611
1759,227.327594831906
1760,227.3699999999992
1761,227.3591010903521
1762,227.3018695265496
1763,227.20908829637048
1764,227.09154038759382
1765,226.96000878799836
1766,226.8252764853631
1767,226.69812646746678
1768,226.58934172208842
1769,226.50970523700684
1770,226.47000000000094
1771,226.47856757526446
1772,226.5339838326491
1773,226.63238321842084
1774,226.76990017884523
1775,226.94266916018816
1776,227.1468246087154
1777,227.37850097069278
1778,227.63383269238608
1779,227.90895422006102
1780,228.1999999999835
1781,228.50083860856833
1782,228.79627514282518
1783,229.06884882991196
1784,229.3010988969866
1785,229.47556457120706
1786,229.57478507973138
1787,229.5812996497174
1788,229.47764750832314
1789,229.24636788270655
1790,228.87000000002553
1791,228.3384879904275
1792,227.67139559602305
1793,226.89569146191445
1794,226.03834423320416
1795,225.12632255499446
1796,224.18659507238797
1797,223.24613043048706
1798,222.33189727439407
1799,221.47086424921133
1800,220.6900000000414
1801,220.00983942987602
1802,219.4251824732605
1803,218.92439532262702
1804,218.4958441704081
1805,218.1278952090361
1806,217.8089146309434
1807,217.52726862856247
1808,217.27132339432563
1809,217.0294451206653
1810,216.79000000001383
1811,216.5457042902589
1812,216.30667451111177
1813,216.08737724774045
1814,215.90227908531295
1815,215.76584660899738
1816,215.69254640396164
1817,215.69684505537373
1818,215.7932091484018
1819,215.99610526821368
1820,216.31999999997754
1821,216.77246340915045
1822,217.3334794823412
1823,217.9761356864454
1824,218.67351948835858
1825,219.3987183549762
1826,220.12481975319398
1827,220.8249111499074
1828,221.47208001201193
1829,222.03941380640322
1830,222.49999999997686
1831,222.8343820730193
1832,223.05292755938683
1833,223.17346000632915
1834,223.2138029610961
1835,223.19177997093743
1836,223.12521458310297
1837,223.03193034484246
1838,222.92975080340574
1839,222.83649950604263
1840,222.7700000000028
1841,222.74323829867964
1842,222.74985028003658
1843,222.7786342881789
1844,222.81838866721193
1845,222.85791176124096
1846,222.88600191437112
1847,222.89145747070782
1848,222.86307677435633
1849,222.78965816942178
1850,222.66000000000966
1851,222.46720473226156
1852,222.2215913204687
1853,221.9377828409601
1854,221.6304023700649
1855,221.31407298411227
1856,221.00341775943127
1857,220.71305977235107
1858,220.45762209920076
1859,220.25172781630948
1860,220.11000000000632
1861,220.0425327723294
1862,220.04130443814967
1863,220.09376434804523
1864,220.18736185259445
1865,220.3095463023755
1866,220.44776704796664
1867,220.58947343994606
1868,220.72211482889202
1869,220.83314056538285
1870,220.90999999999667
1871,220.94392417844108
1872,220.94127092694322
1873,220.91217976686116
1874,220.8667902195528
1875,220.81524180637604
1876,220.76767404868886
1877,220.73422646784917
1878,220.72503858521486
1879,220.75024992214384
1880,220.81999999999422
1881,220.9406105138964
1882,221.1031318540693
1883,221.29479658450285
1884,221.50283726918715
1885,221.71448647211207
1886,221.91697675726792
1887,222.09754068864453
1888,222.24341083023205
1889,222.34181974602046
1890,222.37999999999982
1891,222.34939376594133
1892,222.25828165674417
1893,222.11915389509034
1894,221.94450070366165
1895,221.74681230514008
1896,221.53857892220762
1897,221.33229077754604
1898,221.14043809383736
1899,220.9755110937635
1900,220.85000000000633
1901,220.77465442234825
1902,220.75326151897167
1903,220.78786783515892
1904,220.88051991619233
1905,221.03326430735407
1906,221.2481475539264
1907,221.52721620119164
1908,221.87251679443207
1909,222.28609587892987
1910,222.7699999999674
1911,223.32334854464517
1912,223.93355226733502
1913,224.58509476422597
1914,225.262459631507
1915,225.95013046536712
1916,226.63259086199548
1917,227.29432441758092
1918,227.91981472831253
1919,228.49354539037938
1920,228.9999999999704
1921,229.4265013989029
1922,229.77172941150914
1923,230.037203107751
1924,230.22444155758996
1925,230.33496383098782
1926,230.37028899790613
1927,230.33193612830664
1928,230.22142429215108
1929,230.04027255940102
1930,229.7900000000182
1931,229.4747958596309
1932,229.10953008653573
1933,228.711742804697
1934,228.29897413807893
1935,227.88876421064592
1936,227.49865314636213
1937,227.14618106919195
1938,226.84888810309954
1939,226.6243143720493
1940,226.49000000000544
1941,226.45754516263617
1942,226.5147902424211
1943,226.6436356735414
1944,226.82598189017827
1945,227.04372932651287
1946,227.27877841672642
1947,227.51302959500018
1948,227.72838329551524
1949,227.90673995245285
1950,228.02999999999423
1951,228.08499348984114
1952,228.07826894378206
1953,228.02130450112787
1954,227.92557830118946
1955,227.80256848327792
1956,227.663753186704
1957,227.52061055077877
1958,227.38461871481314
1959,227.26725581811812
1960,227.1800000000045
1961,227.13068087799473
1962,227.11253398245384
1963,227.11514632195687
1964,227.12810490507897
1965,227.14099674039497
1966,227.14340883648003
1967,227.12492820190914
1968,227.07514184525743
1969,226.98363677509988
1970,226.84000000001157
1971,226.63810299820216
1972,226.38895512642424
1973,226.1078502110667
1974,225.8100820785184
1975,225.5109445551683
1976,225.2257314674053
1977,224.96973664161828
1978,224.75825390419618
1979,224.60657708152786
1980,224.53000000000236
1981,224.5389571292561
1982,224.62444551191282
1983,224.77260283384177
1984,224.96956678091217
1985,225.2014750389935
1986,225.4544652939549
1987,225.71467523166575
1988,225.9682425379954
1989,226.20130489881308
1990,226.39999999998813
1991,226.55352848476667
1992,226.6633428259045
1993,226.73395845353556
1994,226.76989079779358
1995,226.77565528881252
1996,226.75576735672615
1997,226.7147424316684
1998,226.65709594377313
1999,226.5873433231742
2000,226.51000000000548
2001,226.42915893164437
2002,226.3472231844428
2003,226.26617335199592
2004,226.18799002789905
2005,226.11465380574734
2006,226.0481452791361
2007,225.9904450416606
2008,225.94353368691606
2009,225.9093918084977
2010,225.89000000000084
2011,225.88644578866914
2012,225.8962444363397
2013,225.91601813849758
2014,225.94238909062796
2015,225.97197948821602
2016,226.00141152674686
2017,226.02730740170563
2018,226.04628930857746
2019,226.05497944284753
2020,226.05000000000092
2021,226.028187913686
2022,225.98723907020363
2023,225.92506409401807
2024,225.83957360959343
2025,225.72867824139394
2026,225.59028861388379
2027,225.42231535152712
2028,225.2226690787882
2029,224.98926042013107
2030,224.72000000002006
2031,224.41492255661777
2032,224.08255928288304
2033,223.73356548547392
2034,223.37859647104844
2035,223.02830754626484
2036,222.6933540177813
2037,222.38439119225586
2038,222.11207437634664
2039,221.8870588767118
2040,221.72000000000946
2041,221.6172418599395
2042,221.56788379836533
2043,221.55671396419024
2044,221.56852050631747
2045,221.5880915736503
2046,221.6002153150921
2047,221.58967987954617
2048,221.54127341591578
2049,221.43978407310422
2050,221.2700000000148
2051,221.02177000368735
2052,220.7051855237119
2053,220.335398657817
2054,219.92756150373148
2055,219.49682615918402
2056,219.05834472190318
2057,218.62726928961777
2058,218.21875196005635
2059,217.84794483094768
2060,217.53000000002044
2061,217.27571812541308
2062,217.07849410689968
2063,216.92737140466215
2064,216.81139347888248
2065,216.71960378974273
2066,216.64104579742482
2067,216.5647629621107
2068,216.47979874398237
2069,216.3751966032219
2070,216.24000000001115
2071,216.06576749475846
2072,215.8541180487798
2073,215.60918572361874
2074,215.33510458081852
2075,215.03600868192254
2076,214.71603208847426
2077,214.37930886201713
2078,214.02997306409446
2079,213.67215875624973
2080,213.31000000002635
2081,212.9470918956513
2082,212.58487369808563
2083,212.22424570097368
2084,211.8661081979599
2085,211.51136148268859
2086,211.16090584880422
2087,210.8156415899511
2088,210.4764689997737
2089,210.1442883719163
2090,209.8200000000234
2091,209.50452492277842
2092,209.19886715902132
2093,208.90405147263112
2094,208.62110262748695
2095,208.3510453874677
2096,208.09490451645252
2097,207.85370477832046
2098,207.62847093695058
2099,207.42022775622186
2100,207.23000000001332
2101,207.0615384133636
2102,206.92949766595135
2103,206.85125840861602
2104,206.84420129219703
2105,206.92570696753387
2106,207.1131560854659
2107,207.4239292968326
2108,207.8754072524734
2109,208.48497060322765
2110,209.26999999993484
2111,210.2371414237574
2112,211.35010217714034
2113,212.5618548928469
2114,213.8253722036403
2115,215.0936267422838
2116,216.31959114154068
2117,217.45623803417402
2118,218.4565400529472
2119,219.27346983062347
2120,219.85999999996602
2121,220.18475589129193
2122,220.27897362514798
2123,220.18954201964186
2124,219.96334989288113
2125,219.64728606297345
2126,219.28823934802645
2127,218.9330985661478
2128,218.6287525354451
2129,218.42209007402596
2130,218.35999999999814
2131,218.47544501092202
2132,218.7456833221573
2133,219.13404702851014
2134,219.6038682247867
2135,220.1184790057932
2136,220.64121146633593
2137,221.13539770122094
2138,221.56436980525444
2139,221.8914598732427
2140,222.0799999999919
2141,222.1038440649494
2142,221.97893308613678
2143,221.73172986622177
2144,221.3886972078718
2145,220.9762979137546
2146,220.5209947865376
2147,220.04925062888856
2148,219.587528243475
2149,219.1622904329645
2150,218.80000000002468
2151,218.5208987293005
2152,218.3203443333409
2153,218.18747350666922
2154,218.11142294380895
2155,218.08132933928346
2156,218.0863293876162
2157,218.11555978333058
2158,218.15815722095005
2159,218.20325839499802
2160,218.23999999999785
2161,218.25972101792505
2162,218.2625695805653
2163,218.2508961071573
2164,218.2270510169398
2165,218.19338472915152
2166,218.15224766303115
2167,218.10599023781742
2168,218.05696287274907
2169,218.00751598706492
2170,217.96000000000356
2171,217.9161471990178
2172,217.87521734441543
2173,217.8358520647184
2174,217.7966929884482
2175,217.75638174412657
2176,217.71355996027518
2177,217.6668692654157
2178,217.61495128806988
2179,217.55644765675927
2180,217.49000000000564
2181,217.41670018602215
2182,217.34744104179072
2183,217.29556563398592
2184,217.2744170292823
2185,217.29733829435435
2186,217.37767249587677
2187,217.52876270052397
2188,217.7639519749706
2189,218.09658338589128
2190,218.53999999996043
2191,219.1005520568719
2192,219.75661848838988
2193,220.47958539929442
2194,221.24083889436557
2195,222.01176507838338
2196,222.76375005612795
2197,223.46817993237931
2198,224.0964408119176
2199,224.61991879952288
2200,225.00999999997515
2201,225.24675158628995
2202,225.3449650044329
2203,225.32811276860917
2204,225.21966739302397
2205,225.0431013918824
2206,224.82188727938967
2207,224.57949756975094
2208,224.3394047771714
2209,224.12508141585627
2210,223.96000000001064
2211,223.86176159787348
2212,223.82448149381307
2213,223.8364035262286
2214,223.88577153351932
2215,223.9608293540845
2216,224.04982082632336
2217,224.14098978863498
2218,224.22258007941878
2219,224.28283553707385
2220,224.3099999999995
2221,224.296322022227
2222,224.25006902032027
2223,224.18351312647732
2224,224.10892647289592
2225,224.03858119177409
2226,223.98474941530972
2227,223.95970327570086
2228,223.97571490514534
2229,224.04505643584113
2230,224.1799999999861
2231,224.3898603132142
2232,224.67212242489995
2233,225.02131396785236
2234,225.43196257488046
2235,225.89859587879334
2236,226.41574151239996
2237,226.9779271085094
2238,227.5796802999306
2239,228.21552871947276
2240,228.8799999999448
2241,229.56654672478217
2242,230.26432127992496
2243,230.9614010019391
2244,231.6458632273905
2245,232.30578529284506
2246,232.92924453486887
2247,233.50431829002773
2248,234.01908389488764
2249,234.4616186860146
2250,234.8199999999744
2251,235.0855527873925
2252,235.26259245513506
2253,235.3586820241293
2254,235.3813845153025
2255,235.33826294958178
2256,235.23688034789438
2257,235.08479973116752
2258,234.88958412032844
2259,234.65879653630432
2260,234.40000000002237
2261,234.1193621255432
2262,233.81746889945927
2263,233.49351090149585
2264,233.14667871137814
2265,232.7761629088313
2266,232.38115407358063
2267,231.9608427853512
2268,231.51441962386835
2269,231.04107516885716
2270,230.54000000004294
2271,230.01412871055769
2272,229.48137194716466
2273,228.9633843700358
2274,228.48182063934314
2275,228.05833541525857
2276,227.7145833579541
2277,227.47221912760165
2278,227.35289738437328
2279,227.37827278844085
2280,227.5699999999764
2281,227.9393130323902
2282,228.45576331203623
2283,229.07848161850123
2284,229.76659873137208
2285,230.4792454302359
2286,231.17555249467947
2287,231.81465070428968
2288,232.3556708386536
2289,232.75774367735806
2290,232.97999999998999
2291,232.99392915978208
2292,232.82045480456273
2293,232.49285915581223
2294,232.0444244350109
2295,231.50843286363914
2296,230.9181666631773
2297,230.30690805510574
2298,229.7079392609048
2299,229.15454250205477
2300,228.6800000000361
2301,228.30982032849963
2302,228.03841746977045
2303,227.85243175834023
2304,227.73850352870056
2305,227.68327311534313
2306,227.67338085275964
2307,227.69546707544166
2308,227.7361721178809
2309,227.78213631456896
2310,227.81999999999755
2311,227.8379295263347
2312,227.83019531645638
2313,227.79259381091543
2314,227.72092145026502
2315,227.61097467505823
2316,227.45854992584796
2317,227.2594436431874
2318,227.00945226762957
2319,226.7043722397274
2320,226.34000000003408
2321,225.91517156622572
2322,225.44088126447375
2323,224.9311629980744
2324,224.40005067032385
2325,223.8615781845181
2326,223.32977944395344
2327,222.818688351926
2328,222.34233881173196
2329,221.91476472666739
2330,221.55000000002855
2331,221.25790420894023
2332,221.03163962583835
2333,220.86019419698505
2334,220.73255586864278
2335,220.63771258707376
2336,220.56465229854044
2337,220.502362949305
2338,220.43983248562984
2339,220.36604885377733
2340,220.27000000000973
2341,220.14176159815443
2342,219.97576023230042
2343,219.76751021410217
2344,219.51252585521428
2345,219.20632146729125
2346,218.84441136198765
2347,218.42230985095802
2348,217.935531245857
2349,217.37958985833905
2350,216.75000000005866
2351,216.04747939857998
2352,215.29355944511022
2353,214.5149749467688
2354,213.73846071067527
2355,212.99075154394913
2356,212.29858225370978
2357,211.68868764707668
2358,211.18780253116938
2359,210.82266171310732
2360,210.62000000000998
2361,210.59724080779066
2362,210.73456198752788
2363,211.00282999908944
2364,211.3729113023427
2365,211.81567235715522
2366,212.30197962339466
2367,212.80269956092837
2368,213.288698629624
2369,213.7308432893492
2370,214.09999999997132
2371,214.37291737028022
2372,214.54987260476085
2373,214.63702505682372
2374,214.64053407987902
2375,214.5665590273373
2376,214.42125925260876
2377,214.21079410910394
2378,213.9413229502331
2379,213.61900512940662
2380,213.25000000003496
2381,212.84118971104164
2382,212.40234759340407
2383,211.94396977361308
2384,211.47655237815977
2385,211.0105915335351
2386,210.55658336622997
2387,210.1250240027354
2388,209.72640956954226
2389,209.37123619314164
2390,209.07000000002444
2391,208.8300037857049
2392,208.64577702178727
2393,208.5086558488973
2394,208.4099764076607
2395,208.3410748387033
2396,208.2932872826508
2397,208.25794988012902
2398,208.22639877176368
2399,208.1899700981806
2400,208.14000000000544
2401,208.07032514626005
2402,207.98478431955306
2403,207.88971683089036
2404,207.79146199127806
2405,207.69635911172213
2406,207.61074750322845
2407,207.5409664768031
2408,207.49335534345207
2409,207.4742534141813
2410,207.4899999999968
2411,207.54565562929562
2412,207.6411657000377
2413,207.77519682757327
2414,207.94641562725275
2415,208.1534887144262
2416,208.39508270444412
2417,208.66986421265662
2418,208.9764998544141
2419,209.31365624506685
2420,209.6799999999651
2421,210.0738323364997
2422,210.4919928802231
2423,210.93095585872834
2424,211.38719549960823
2425,211.85718603045552
2426,212.33740167886324
2427,212.82431667242423
2428,213.31440523873135
2429,213.80414160537742
2430,214.28999999995546
2431,214.76696502450616
2432,215.22406277886068
2433,215.6488297372972
2434,216.028802374094
2435,216.35151716352922
2436,216.60451057988115
2437,216.7753190974279
2438,216.85147919044783
2439,216.82052733321913
2440,216.67000000001994
2441,216.39407756529602
2442,216.01351600417044
2443,215.55571519193742
2444,215.04807500389126
2445,214.51799531532615
2446,213.99287600153636
2447,213.5001169378161
2448,213.06711799945975
2449,212.72127906176144
2450,212.49000000001547
2451,212.39241471439345
2452,212.41459320456744
2453,212.53433949508218
2454,212.7294576104824
2455,212.97775157531288
2456,213.2570254141185
2457,213.5450831514438
2458,213.81972881183376
2459,214.05876641983303
2460,214.2399999999864
2461,214.34631357716754
2462,214.38091117757136
2463,214.35207682772455
2464,214.26809455415392
2465,214.13724838338598
2466,213.96782234194757
2467,213.76810045636537
2468,213.546366753166
2469,213.31090525887626
2470,213.0700000000228
2471,212.8269009769374
2472,212.56472208516624
2473,212.26154319405785
2474,211.89544417296057
2475,211.44450489122298
2476,210.8868052181934
2477,210.20042502322036
2478,209.36344417565223
2479,208.35394254483754
2480,207.15000000012463
2481,205.7432225153133
2482,204.17932048202414
2483,202.51753039633658
2484,200.81708875433014
2485,199.1372320520843
2486,197.53719678567876
2487,196.0762194511929
2488,194.81353654470627
2489,193.80838456229847
2490,193.12000000004895
2491,192.78781896241856
2492,192.7720759873708
2493,193.01320522123916
2494,193.451640810357
2495,194.02781690105766
2496,194.6821676396746
2497,195.3551271725413
2498,195.98712964599113
2499,196.5186092063575
2500,196.88999999997384
2501,197.05752163521123
2502,197.04053556860973
2503,196.8741887187561
2504,196.59362800423725
2505,196.23400034364
2506,195.8304526555511
2507,195.41813185855747
2508,195.0321848712459
2509,194.7077586122032
2510,194.4800000000162
2511,194.37467449672994
2512,194.38002173821093
2513,194.47489990377838
2514,194.63816717275165
2515,194.84868172444993
2516,195.08530173819256
2517,195.32688539329862
2518,195.55229086908759
2519,195.7403763448786
2520,195.8699999999909
2521,195.92507037787848
2522,195.9096974785398
2523,195.8330416661111
2524,195.70426330472839
2525,195.53252275852793
2526,195.32698039164583
2527,195.09679656821825
2528,194.8511316523813
2529,194.59914600827116
2530,194.35000000002395
2531,194.1128539917759
2532,193.8968683476631
2533,193.71120343182167
2534,193.5650196083878
2535,193.46747724149756
2536,193.42773669528725
2537,193.45495833389285
2538,193.55830252145063
2539,193.74692962209667
2540,194.02999999996712
2541,194.03
2542,194.03
2543,194.03
2544,194.03
2545,194.03
2546,194.03
2547,194.03
2548,194.03
2549,194.03
2550,194.03
2551,194.03
2552,194.03
2553,194.03
2554,194.03
2555,194.03
2556,194.03
2557,194.03
2558,194.03
2559,194.03
2560,194.03
2561,194.03
2562,194.03
2563,194.03
2564,194.03
2565,194.03
2566,194.03
2567,194.03
2568,194.03
2569,194.03
2570,194.03
2571,194.03
2572,194.03
2573,194.03
2574,194.03
2575,194.03
2576,194.03
2577,194.03
2578,194.03
2579,194.03
2580,194.03
2581,194.03
2582,194.03
2583,194.03
2584,194.03
2585,194.03
2586,194.03
2587,194.03
2588,194.03
2589,194.03
2590,194.03
