0,213.57
1,213.57
2,213.57
3,213.57
4,213.57
5,213.57
6,213.57
7,213.57
8,213.57
9,213.57
10,213.57
11,213.57
12,213.57
13,213.57
14,213.57
15,213.57
16,213.57
17,213.57
18,213.57
19,213.57
20,213.57
21,213.57
22,213.57
23,213.57
24,213.57
25,213.57
26,213.57
27,213.57
28,213.57
29,213.57
30,213.57
31,213.57
32,213.57
33,213.57
34,213.57
35,213.57
36,213.57
37,213.57
38,213.57
39,213.57
40,213.57
41,213.57
42,213.57
43,213.57
44,213.57
45,213.57
46,213.57
47,213.57
48,213.57
49,213.57
50,213.57
51,212.52002340944512
52,211.6019131106445
53,210.8065506267364
54,210.12481748085935
55,209.5475951961517
56,209.06576529575185
57,208.6702093027984
58,208.35180874042965
59,208.1014451317841
60,207.90999999999997
61,207.76835486821597
62,207.66739125957034
63,207.5979906972016
64,207.55103470424808
65,207.51740480384834
66,207.48798251914067
67,207.4536493732636
68,207.40528688935552
69,207.33377659055483
70,207.22999999999996
71,207.08813711769102
72,206.91556185107413
73,206.72294658445728
74,206.52096370214832
75,206.32028558845502
76,206.13158462768536
77,205.96553320414716
78,205.8328037021483
79,205.74406850599664
80,205.71000000000004
81,205.73719666102008
82,205.81596133613314
83,205.93252296496937
84,206.07311048715883
85,206.22395284233164
86,206.37127897011797
87,206.50131781014778
88,206.60029830205139
89,206.65444938545872
90,206.64999999999998
91,206.57783623822888
92,206.4474728043934
93,206.27308155566544
94,206.06883434921653
95,205.84890304221847
96,205.62745949184293
97,205.41867555526164
98,205.23672308964618
99,205.09577395216843
100,205.01
101,204.98896838606447
102,205.02382744629304
103,205.10112081236883
104,205.20739211597487
105,205.32918498879437
106,205.45304306251023
107,205.5655099688057
108,205.65312933936374
109,205.70244480586746
110,205.69999999999996
111,205.63719021751322
112,205.52481741043425
113,205.3785351948591
114,205.2139971868837
115,205.04685700260404
116,204.892768258116
117,204.76738456951563
118,204.68635955289886
119,204.66534682436168
120,204.72000000000003
121,204.85912074388264
122,205.06410291196988
123,205.30948840819474
124,205.56981913649028
125,205.81963700078958
126,206.03348390502575
127,206.1859017531318
128,206.2514324490408
129,206.2046178966859
130,206.0200000000001
131,205.68211680695617
132,205.21549094168626
133,204.65464117236203
134,204.03408626715523
135,203.3883449942377
136,202.75193612178114
137,202.15937841795733
138,201.64519065093805
139,201.24389158889502
140,200.99000000000004
141,200.9069820282929
142,200.97409332128544
143,201.15953690235756
144,201.43151579488915
145,201.75823302226004
146,202.10789160785015
147,202.4486945750393
148,202.74884494720737
149,202.97654574773435
150,203.10000000000005
151,203.09692507987236
152,202.98309577317207
153,202.78380121820777
154,202.52433055328825
155,202.2299729167222
156,201.92601744681843
157,201.63775328188552
158,201.39046956023242
159,201.20945542016764
160,201.12
161,201.1406376522177
162,201.26288358602648
163,201.47149822481157
164,201.75124199195812
165,202.08687531085135
166,202.46315860487653
167,202.8648522974187
168,203.27671681186322
169,203.6835125715952
170,204.06999999999988
171,204.42363431125668
172,204.7426498827218
173,205.02797588254575
174,205.28054147887897
175,205.501275839872
176,205.69110813367527
177,205.85096752843918
178,205.98178319231434
179,206.08448429345108
180,206.16000000000003
181,206.20922510275517
182,206.23291688308592
183,206.23179824500502
184,206.20659209252554
185,206.15802132966024
186,206.0868088604222
187,205.99367758882423
188,205.87935041887926
189,205.74455025460023
190,205.5900000000001
191,205.41847527772245
192,205.2409625849345
193,205.07050113743404
194,204.92013015101887
195,204.80288884148692
196,204.731816424636
197,204.719952116264
198,204.78033513216872
199,204.92600468814808
200,205.1699999999999
201,205.51972378635503
202,205.9600327771761
203,206.47014720525888
204,207.02928730339895
205,207.61667330439204
206,208.21152544103367
207,208.79306394611967
208,209.34050905244558
209,209.83308099280708
210,210.2499999999999
211,210.57616957685687
212,210.81922630636038
213,210.9924900415297
214,211.10928063538452
215,211.18291794094426
216,211.22672181122846
217,211.25401209925658
218,211.27810865804824
219,211.3123313406229
220,211.37000000000006
221,211.45690790621697
222,211.54874199738222
223,211.6136626286221
224,211.61983015506289
225,211.5354049318309
226,211.32854731405249
227,210.96741765685388
228,210.42017631536146
229,209.65498364470145
230,208.64000000000019
231,207.35869879827544
232,205.85580570411102
233,204.1913594439822
234,202.42539874436426
235,200.6179623317324
236,198.82908893256197
237,197.1188172733283
238,195.5471860805065
239,194.174234080572
240,193.06000000000003
241,192.24724690068206
242,191.70963518617447
243,191.40354959544993
244,191.28537486748095
245,191.31149574124018
246,191.4382969557002
247,191.62216324983356
248,191.81947936261292
249,191.9866300330109
250,192.0800000000001
251,192.06532359899663
252,191.9457335511913
253,191.7337121742184
254,191.4417417857123
255,191.08230470330724
256,190.66788324463766
257,190.2109597273378
258,189.724016469042
259,189.2195357873846
260,188.7099999999999
261,188.2068187033315
262,187.71711060906028
263,187.24692170767634
264,186.80229798966965
265,186.3892854455305
266,186.0139300657489
267,185.68227784081492
268,185.4003747612187
269,185.17426681745033
270,185.00999999999996
271,184.9118715876768
272,184.877184012567
273,184.9014909950758
274,184.98034625560845
275,185.10930351457023
276,185.2839164923664
277,185.4997389094022
278,185.75232448608293
279,186.03722694281385
280,186.3500000000002
281,186.6861449459612
282,187.04095334067173
283,187.40966431202068
284,187.78751698789685
285,188.16975049618904
286,188.55160396478612
287,188.92831652157702
288,189.2951272944504
289,189.6472754112952
290,189.98000000000027
291,190.28754862847944
292,190.56020262474715
293,190.78725175684264
294,190.9579857928054
295,191.06169450067478
296,191.0876676484902
297,191.02519500429094
298,190.86356633611655
299,190.5920714120063
300,190.1999999999996
301,189.68377054012163
302,189.0683161603402
303,188.385698660609
304,187.66797984088163
305,186.9472215011117
306,186.2554854412528
307,185.62483346125853
308,185.08732736108257
309,184.6750289406785
310,184.41999999999987
311,184.34411921103242
312,184.42853273389017
313,184.64420360071927
314,184.96209484366602
315,185.3531694948764
316,185.78839058649675
317,186.2387211506731
318,186.67512421955172
319,187.0685628252787
320,187.39000000000036
321,187.61784261574863
322,187.76027290409945
323,187.83291693651444
324,187.85140078445536
325,187.83135051938388
326,187.78839221276172
327,187.73815193605054
328,187.69625576071206
329,187.67832975820804
330,187.70000000000005
331,187.77235032597412
332,187.88829564971294
333,188.03620865322364
334,188.2044620185132
335,188.3814284275886
336,188.55548056245695
337,188.71499110512525
338,188.84833273760046
339,188.94387814188974
340,188.99000000000007
341,188.97743608035563
342,188.90638449704946
343,188.77940845059177
344,188.59907114149266
345,188.36793577026233
346,188.08856553741106
347,187.7635236434489
348,187.3953732888861
349,186.98667767423285
350,186.5399999999993
351,186.05795535260262
352,185.54336636208808
353,184.99910754440796
354,184.42805341551446
355,183.83307849135986
356,183.21705728789638
357,182.5828643210763
358,181.93337410685183
359,181.2714611611753
360,180.5999999999989
361,179.9210525092296
362,179.23343005459358
363,178.5351313717715
364,177.82415519644434
365,177.09850026429277
366,176.35616531099768
367,175.5951490722399
368,174.81345028370023
369,174.0090676810595
370,173.1799999999985
371,172.32847461047203
372,171.47363341953064
373,170.63884696849885
374,169.84748579870106
375,169.1229204514618
376,168.4885214681056
377,167.9676593899568
378,167.58370475834
379,167.36002811457968
380,167.32000000000016
381,167.47743904887548
382,167.80795626727738
383,168.27761075422708
384,168.85246160874587
385,169.49856792985503
386,170.18198881657582
387,170.86878336792955
388,171.52501068293748
389,172.11672986062086
390,172.61000000000092
391,172.98054919402736
392,173.24278151136224
393,173.42077001459617
394,173.53858776631947
395,173.62030782912265
396,173.69000326559606
397,173.7717471383301
398,173.88961250991534
399,174.06767244294207
400,174.33000000000078
401,174.69337417501956
402,175.14539768727766
403,175.66637918739212
404,176.23662732597995
405,176.83645075365814
406,177.44615812104377
407,178.04605807875382
408,178.6164592774054
409,179.13767036761544
410,179.59000000000106
411,179.95988410589993
412,180.25826773953298
413,180.5022232358416
414,180.70882292976725
415,180.89513915625136
416,181.0782442502355
417,181.27521054666107
418,181.5031103804695
419,181.77901608660233
420,182.120000000001
421,182.53513940138617
422,183.00153135459564
423,183.48827786924647
424,183.96448095495586
425,184.39924262134087
426,184.7616648780186
427,185.02084973460617
428,185.14589920072072
429,185.10591528597934
430,184.86999999999912
431,184.4235382885595
432,183.81704684208853
433,183.11732528717627
434,182.3911732504129
435,181.7053903583883
436,181.12677623769278
437,180.72213051491633
438,180.55825281664895
439,180.7019427694809
440,181.22000000000213
441,182.14863744437457
442,183.4017212770484
443,184.86253098204634
444,186.41434604339074
445,187.94044594510427
446,189.32411017120947
447,190.44861820572885
448,191.19724953268505
449,191.45328363610056
450,191.09999999999792
451,190.06296193394968
452,188.43686804972626
453,186.35870078464743
454,183.9654425760328
455,181.39407586120217
456,178.78158307747506
457,176.2649466621713
458,173.9811490526105
459,172.06717268611234
460,170.65999999999656
461,169.85727481981223
462,169.59928652402795
463,169.78698587934238
464,170.32132365245428
465,171.10325061006236
466,172.03371751886542
467,173.01367514556205
468,173.94407425685114
469,174.7258656194313
470,175.26000000000127
471,175.47323878679117
472,175.39558585415554
473,175.0828556979798
474,174.5908628141493
475,173.97542169854944
476,173.29234684706563
477,172.59745275558328
478,171.94655391998782
479,171.3954648361646
480,170.99999999999898
481,170.80650003302208
482,170.8234100593477
483,171.0497013287355
484,171.48434509094528
485,172.1263125957366
486,172.97457509286923
487,174.02810383210283
488,175.28587006319702
489,176.7468450359117
490,178.41000000000633
491,180.26438108112657
492,182.25933390846214
493,184.334278987089
494,186.4286368220829
495,188.4818279185197
496,190.43327278147538
497,192.2223919160256
498,193.78860582724636
499,195.0713350202135
500,196.01000000000283
501,196.56304564250055
502,196.7650143068337
503,196.66947272293908
504,196.3299876207536
505,195.80012573021412
506,195.13345378125754
507,194.3835385038207
508,193.60394662784051
509,192.8482448832539
510,192.16999999999766
511,191.61160634888185
512,191.17076886420972
513,190.83402012115786
514,190.58789269490296
515,190.41891916062156
516,190.31363209349036
517,190.25856406868598
518,190.24024766138507
519,190.2452154467642
520,190.26000000000008
521,190.27586896196595
522,190.30303023632192
523,190.35642679242454
524,190.4510015996304
525,190.60169762729612
526,190.82345784477823
527,191.1312252214334
528,191.5399427266182
529,192.06455332968918
530,192.72000000000304
531,193.51282780325622
532,194.41599019050562
533,195.39404270914818
534,196.41154090658094
535,197.43304033020075
536,198.42309652740477
537,199.34626504558994
538,200.16710143215312
539,200.8501612344914
540,201.36000000000178
541,201.67316982502447
542,201.8142090016719
543,201.81965237099968
544,201.72603477406318
545,201.56989105191795
546,201.3877560456193
547,201.21616459622282
548,201.0916515447839
549,201.05075173235807
550,201.13000000000073
551,201.3550728966548
552,201.70821380281376
553,202.16080780685874
554,202.684239997171
555,203.24989546213152
556,203.8291592901217
557,204.39341656952257
558,204.91405238871536
559,205.3624518360812
560,205.71000000000137
561,205.9339985883634
562,206.0354157870809
563,206.02113640157367
564,205.89804523726156
565,205.6730270995644
566,205.352966793902
567,204.9447491256942
568,204.4552589003609
569,203.89138092332183
570,203.25999999999692
571,202.5694627498926
572,201.83396304886176
573,201.06915658684392
574,200.2906990537785
575,199.51424613960498
576,198.75545353426284
577,198.0299769276916
578,197.35347200983065
579,196.74159447061953
580,196.2099999999977
581,195.77054041205167
582,195.41985201745663
583,195.1507672510347
584,194.95611854760824
585,194.8287383419995
586,194.7614590690307
587,194.74711316352418
588,194.7785330603021
589,194.84855119418683
590,194.95000000000059
591,195.07513560189045
592,195.2139088813031
593,195.3556944090099
594,195.48986675578243
595,195.6058004923921
596,195.6928701896104
597,195.74045041820875
598,195.73791574895873
599,195.67464075263166
600,195.53999999999914
601,195.32825718038606
602,195.05323245733095
603,194.73363511292564
604,194.38817442926205
605,194.035559688432
606,193.69450017252734
607,193.38370516363992
608,193.12188394386158
609,192.92774579528424
610,192.81999999999974
611,192.81248567656132
612,192.89956128936856
613,193.0707151392825
614,193.3154355271644
615,193.62321075387513
616,193.98352912027605
617,194.38587892722808
618,194.8197484755925
619,195.27462606623024
620,195.74000000000257
621,196.2046501133709
622,196.6545223851986
623,197.07485432994926
624,197.45088346208667
625,197.76784729607442
626,198.01098334637626
627,198.16552912745593
628,198.21672215377703
629,198.14979993980333
630,197.9499999999985
631,197.61105386996311
632,197.16066916984465
633,196.63504754092727
634,196.07039062449508
635,195.50290006183215
636,194.9687774942226
637,194.50422456295053
638,194.1454429093001
639,193.9286341745553
640,193.89000000000038
641,194.05336440677178
642,194.39304093541654
643,194.8709655063346
644,195.4490740399257
645,196.0893024565899
646,196.75358667672697
647,197.40386262073685
648,198.00206620901932
649,198.5101333619743
650,198.89000000000178
651,199.11292850295442
652,199.187487088496
653,199.13157043374298
654,198.96307321581168
655,198.6998901118185
656,198.35991579887977
657,197.96104495411188
658,197.5211722546313
659,197.0581923775543
660,196.58999999999725
661,196.1334715814129
662,195.70141071059956
663,195.3056027586917
664,194.95783309682412
665,194.66988709613128
666,194.45355012774792
667,194.32060756280865
668,194.2828447724481
669,194.35204712780086
670,194.54000000000158
671,194.8521951713865
672,195.2689500690989
673,195.7642885314839
674,196.31223439688665
675,196.88681150365218
676,197.46204369012574
677,198.01195479465224
678,198.51056865557706
679,198.93190911124515
680,199.25000000000165
681,199.44852773304848
682,199.54982901301415
683,199.5859031153835
684,199.58874931564148
685,199.59036688927293
686,199.6227551117627
687,199.7179132585958
688,199.90784060525704
689,200.2245364272314
690,200.7000000000036
691,201.35336389643015
692,202.15229387885432
693,203.05158900699146
694,204.0060483405569
695,204.97047093926594
696,205.8996558628339
697,206.74840217097608
698,207.47150892340778
699,208.02377517984445
700,208.3600000000013
701,208.4488866812503
702,208.31475547158917
703,207.99583085667174
704,207.53033732215192
705,206.95649935368345
706,206.3125414369203
707,205.63668805751627
708,204.96716370112523
709,204.342192853401
710,203.79999999999745
711,203.37248937857092
712,203.066284234788
713,202.88168756631788
714,202.81900237082985
715,202.87853164599318
716,203.06057838947706
717,203.36544559895077
718,203.7934362720836
719,204.34485340654476
720,205.02000000000348
721,205.81281580446228
722,206.69178758925682
723,207.61903887805636
724,208.55669319453003
725,209.4668740623469
726,210.3117050051762
727,211.05330954668702
728,211.65381121054855
729,212.07533352042995
730,212.28000000000043
731,212.2446074035933
732,212.00464540819885
733,211.61027692147135
734,211.1116648510648
735,210.5589721046334
736,210.00236158983145
737,209.49199621431293
738,209.0780388857321
739,208.81065251174314
740,208.74000000000018
741,208.90070458116725
742,209.26523077794837
743,209.79050343605755
744,210.43344740120918
745,211.1509875191173
746,211.90004863549606
747,212.63755559605966
748,213.3204332465222
749,213.905606432598
750,214.3500000000011
751,214.62176427174163
752,214.73395148001302
753,214.71083933430452
754,214.5767055441053
755,214.35582781890452
756,214.0724838681914
757,213.75095140145513
758,213.41550812818494
759,213.09043175786994
760,212.79999999999941
761,212.56405833186912
762,212.38472330200142
763,212.25967922672538
764,212.18661042237008
765,212.16320120526456
766,212.18713589173788
767,212.25609879811904
768,212.3677742407372
769,212.5198465359213
770,212.71000000000046
771,212.93630240078127
772,213.1983553119808
773,213.49614375879364
774,213.82965276641428
775,214.19886736003747
776,214.60377256485765
777,215.04435340606952
778,215.52059490886754
779,216.03248209844645
780,216.58000000000075
781,217.16200206500807
782,217.77281545007799
783,218.40563573810303
784,219.05365851197584
785,219.71007935458903
786,220.3680938488351
787,221.0208975776067
788,221.6616861237964
789,222.2836550702968
790,222.8800000000005
791,223.4446093391904
792,223.97414288771128
793,224.4659532887982
794,224.91739318568608
795,225.32581522161018
796,225.6885720398055
797,226.00301628350704
798,226.26650059594994
799,226.47637762036922
800,226.63000000000005
801,226.72688057823268
802,226.77517299907907
803,226.78519110670624
804,226.76724874528142
805,226.73165975897172
806,226.6887379919443
807,226.64879728836618
808,226.62215149240475
809,226.61911444822695
810,226.64999999999998
811,226.72270834787923
812,226.83548511597277
813,226.98416228437702
814,227.16457183318838
815,227.3725457425031
816,227.60391599241748
817,227.85451456302803
818,228.12017343443105
819,228.39672458672283
820,228.67999999999978
821,228.96523603025008
822,229.24528653702936
823,229.51240975578492
824,229.7588639219645
825,229.9769072710153
826,230.158798038385
827,230.29679445952078
828,230.3831547698703
829,230.41013720488093
830,230.3700000000002
831,230.25935753111986
832,230.0922487359093
833,229.8870686924825
834,229.66221247895317
835,229.43607517343517
836,229.2270518540424
837,229.0535375988886
838,228.93392748608773
839,228.8866165937535
840,228.92999999999984
841,229.07683384527112
842,229.31731851933407
843,229.6360154742858
844,230.01748616222358
845,230.44629203524454
846,230.9069945454459
847,231.3841551449248
848,231.8623352857785
849,232.32609642010416
850,232.7599999999989
851,233.14968708779338
852,233.48511718675158
853,233.75732941037091
854,233.95736287214888
855,234.07625668558273
856,234.10504996417
857,234.03478182140813
858,233.85649137079454
859,233.5612177258265
860,233.1400000000016
861,232.59299780355303
862,231.95685273365794
863,231.27732688422938
864,230.6001823491806
865,229.9711812224247
866,229.4360855978748
867,229.0406575694441
868,228.8306592310457
869,228.85185267659273
870,229.14999999999833
871,229.75226169799868
872,230.61139187862125
873,231.66154305271584
874,232.83686773113268
875,234.07151842472166
876,235.29964764433277
877,236.45540790081594
878,237.47295170502127
879,238.28643156779873
880,238.82999999999836
881,239.0590454044426
882,239.01389975184532
883,238.7561309048934
884,238.34730672627376
885,237.84899507867317
886,237.32276382477872
887,236.83018082727725
888,236.4328139488556
889,236.1922310522007
890,236.16999999999953
891,236.40824668422505
892,236.87132911399416
893,237.5041633277091
894,238.2516653637724
895,239.05875126058638
896,239.87033705655335
897,240.63133879007574
898,241.28667249955592
899,241.7812542233963
900,242.0599999999992
901,242.0843878586504
902,241.88214379216956
903,241.49755578426024
904,240.9749118186262
905,240.3584998789709
906,239.692607948998
907,239.02152401241105
908,238.38953605291374
909,237.8409320542095
910,237.42000000000212
911,237.15873188117527
912,237.03993571733247
913,237.0341235352569
914,237.11180736173182
915,237.24349922354037
916,237.3997111474658
917,237.55095516029135
918,237.66774328880024
919,237.72058755977557
920,237.6800000000007
921,237.52548461665526
922,237.27251333850595
923,236.94555007471638
924,236.56905873445007
925,236.1675032268706
926,235.76534746114154
927,235.38705534642648
928,235.05709079188892
929,234.7999177066925
930,234.64000000000075
931,234.5950996522106
932,234.65617092865136
933,234.8074661658858
934,235.03323770047626
935,235.31773786898532
936,235.64521900797547
937,235.99993345400924
938,236.36613354364917
939,236.72807161345767
940,237.0699999999975
941,237.37839677450143
942,237.64864294688533
943,237.87834526173563
944,238.06511046363863
945,238.20654529718067
946,238.3002565069483
947,238.34385083752778
948,238.3349350335055
949,238.27111583946785
950,238.15000000000128
951,237.9713532497763
952,237.74357728380062
953,237.47723278716606
954,237.18288044496472
955,236.8710809422885
956,236.55239496422934
957,236.2373831958791
958,235.9366063223299
959,235.6606250286735
960,235.42000000000195
961,235.22286022639966
962,235.06760791792
963,234.9502135896089
964,234.86664775651226
965,234.81288093367576
966,234.78488363614525
967,234.7786263789666
968,234.79007967718556
969,234.81521404584794
970,234.84999999999968
971,234.89098584463292
972,234.937031044526
973,234.98757285440374
974,235.04204852899088
975,235.0998953230122
976,235.16055049119254
977,235.22345128825663
978,235.2880349689292
979,235.3537387879352
980,235.41999999999936
981,235.4852763950681
982,235.54410790397483
983,235.5900549927747
984,235.6166781275226
985,235.6175377742737
986,235.58619439908296
987,235.51620846800543
988,235.4011404470962
989,235.2345508024103
990,235.01000000000275
991,234.7235985750952
992,234.38165733957592
993,233.99303717450005
994,233.56659896092245
995,233.1112035798983
996,232.63571191248258
997,232.1489848397304
998,231.6598832426967
999,231.17726800243665
1000,230.7100000000052
1001,230.26404930456908
1002,229.83382273774166
1003,229.41083630924766
1004,228.98660602881188
1005,228.55264790615902
1006,228.10047795101403
1007,227.62161217310162
1008,227.10756658214652
1009,226.5498571878736
1010,225.9400000000076
1011,225.27506420665986
1012,224.57433170948937
1013,223.86263758854176
1014,223.16481692386293
1015,222.50570479549876
1016,221.91013628349498
1017,221.40294646789732
1018,221.00897042875178
1019,220.7530432461041
1020,220.66000000000005
1021,220.74387386882694
1022,220.97549042433604
1023,221.31487333661926
1024,221.7220462757687
1025,222.15703291187606
1026,222.5798569150335
1027,222.95054195533277
1028,223.22911170286594
1029,223.3755898277249
1030,223.35000000000164
1031,223.12529031803655
1032,222.72610659316663
1033,222.19001906497826
1034,221.55459797305787
1035,220.85741355699193
1036,220.13603605636695
1037,219.42803571076934
1038,218.77098275978545
1039,218.20244744300186
1040,217.76000000000496
1041,217.47113485904418
1042,217.32304320301972
1043,217.29284040349373
1044,217.3576418320284
1045,217.4945628601861
1046,217.68071885952904
1047,217.89322520161946
1048,218.10919725801963
1049,218.30575040029186
1050,218.45999999999825
1051,218.55536024580135
1052,218.60044059476493
1053,218.61014932105365
1054,218.5993946988319
1055,218.58308500226428
1056,218.57612850551533
1057,218.59343348274953
1058,218.64990820813154
1059,218.76046095582575
1060,218.93999999999684
1061,219.1977541577453
1062,219.52023441791522
1063,219.88827231228615
1064,220.28269937263775
1065,220.68434713074961
1066,221.0740471184013
1067,221.43263086737244
1068,221.74092990944263
1069,221.97977577639145
1070,222.12999999999855
1071,222.18000312319936
1072,222.14846173355446
1073,222.06162142978076
1074,221.9457278105955
1075,221.8270264747156
1076,221.73176302085824
1077,221.68618304774037
1078,221.71653215407918
1079,221.8490559385916
1080,222.10999999999478
1081,222.51566334944548
1082,223.04255864785696
1083,223.65725196858153
1084,224.32630938497127
1085,225.0162969703782
1086,225.69378079815453
1087,226.32532694165246
1088,226.877501474224
1089,227.31687046922133
1090,227.60999999999666
1091,227.73250347898855
1092,227.6961836749841
1093,227.5218906958577
1094,227.2304746494837
1095,226.84278564373656
1096,226.37967378649086
1097,225.86198918562076
1098,225.31058194900083
1099,224.74630218450557
1100,224.19000000000926
1101,223.65909273459917
1102,223.15726665221305
1103,222.68477524800107
1104,222.24187201711334
1105,221.82881045469995
1106,221.4458440559111
1107,221.093226315897
1108,220.77121072980773
1109,220.48005079279343
1110,220.22000000000426
1111,219.9913155826529
1112,219.7942697162018
1113,219.62913831217594
1114,219.49619728210024
1115,219.39572253749972
1116,219.32798998989935
1117,219.29327555082406
1118,219.29185513179885
1119,219.32400464434866
1120,219.38999999999854
1121,219.48944493481088
1122,219.61925448299826
1123,219.77567150331058
1124,219.95493885449793
1125,220.15329939531026
1126,220.36699598449755
1127,220.5922714808097
1128,220.82536874299677
1129,221.0625306298088
1130,221.29999999999563
1131,221.53490467809485
1132,221.76791235179388
1133,222.0005756745679
1134,222.234447299892
1135,222.47107988124128
1136,222.71202607209088
1137,222.95883852591592
1138,223.21306989619146
1139,223.47627283639267
1140,223.74999999999466
1141,224.0354463527849
1142,224.3323761098007
1143,224.64019579839152
1144,224.95831194590693
1145,225.2861310796966
1146,225.62305972711
1147,225.96850441549674
1148,226.3218716722064
1149,226.68256802458853
1150,227.04999999999274
1151,227.42165991073153
1152,227.78738320896875
1153,228.13509113183102
1154,228.45270491644504
1155,228.7281457999372
1156,228.94933501943433
1157,229.1041938120629
1158,229.1806434149496
1159,229.16660506522092
1160,229.05000000000356
1161,228.82422400425997
1162,228.50457105429766
1163,228.11180967426054
1164,227.66670838829276
1165,227.1900357205383
1166,226.7025601951411
1167,226.22505033624523
1168,225.77827466799474
1169,225.3830017145336
1170,225.06000000000586
1171,224.8245840722481
1172,224.67025257386572
1173,224.58505017115607
1174,224.55702153041645
1175,224.5742113179442
1176,224.62466420003656
1177,224.6964248429909
1178,224.7775379131045
1179,224.85604807667477
1180,224.91999999999888
1181,224.9585997067691
1182,224.96569865025708
1183,224.93630964112967
1184,224.86544549005347
1185,224.7481190076953
1186,224.57934300472184
1187,224.35413029179995
1188,224.06749367959617
1189,223.71444597877732
1190,223.2900000000102
1191,222.79566710068917
1192,222.2589528251215
1193,221.71386126434282
1194,221.19439650938895
1195,220.73456265129568
1196,220.36836378109876
1197,220.12980398983387
1198,220.05288736853683
1199,220.17161800824343
1200,220.51999999998935
1201,221.11907189050368
1202,221.93801004928508
1203,222.93302530152386
1204,224.0603284724101
1205,225.27613038713417
1206,226.5366418708862
1207,227.79807374885644
1208,229.01663684623514
1209,230.14854198821246
1210,231.1499999999787
1211,231.9857953372256
1212,232.65500697765378
1213,233.16528752946667
1214,233.52428960086758
1215,233.73966580005987
1216,233.81906873524693
1217,233.77015101463215
1218,233.60056524641894
1219,233.31796403881054
1220,232.93000000001047
1221,232.4468467605206
1222,231.8887620400383
1223,231.2785245805599
1224,230.63891312408165
1225,229.99270641259977
1226,229.36268318811062
1227,228.7716221926104
1228,228.24230216809553
1229,227.7975018565622
1230,227.46000000000674
1231,227.24654762072842
1232,227.14978486223652
1233,227.1563241483426
1234,227.25277790285813
1235,227.4257585495945
1236,227.66187851236324
1237,227.94775021497583
1238,228.26998608124373
1239,228.61519853497836
1240,228.96999999999124
1241,229.3211627565848
1242,229.65609851102596
1243,229.96237882607252
1244,230.22757526448225
1245,230.43925938901305
1246,230.58500276242282
1247,230.6523769474693
1248,230.62895350691034
1249,230.50230400350392
1250,230.2600000000078
1251,229.89591135291252
1252,229.42910109364163
1253,228.8849305473522
1254,228.28876103920143
1255,227.66595389434642
1256,227.04187043794437
1257,226.4418719951523
1258,225.89131989112758
1259,225.41557545102714
1260,225.0400000000082
1261,224.78367183180455
1262,224.64053711445408
1263,224.59825898457035
1264,224.6445005787669
1265,224.76692503365734
1266,224.95319548585516
1267,225.19097507197392
1268,225.46792692862724
1269,225.77171419242856
1270,226.08999999999153
1271,226.4101213198922
1272,226.71811044855667
1273,226.99967351437368
1274,227.24051664573187
1275,227.42634597101988
1276,227.54286761862642
1277,227.57578771694003
1278,227.51081239434936
1279,227.33364777924322
1280,227.03000000001015
1281,226.59223288861205
1282,226.03934109130648
1283,225.39697695792535
1284,224.6907928383003
1285,223.9464410822633
1286,223.18957403964626
1287,222.4458440602809
1288,221.74090349399918
1289,221.10040469063287
1290,220.55000000001382
1291,220.10785712571655
1292,219.76220518628367
1293,219.49378865399902
1294,219.28335200114654
1295,219.11163970001024
1296,218.95939622287398
1297,218.80736604202178
1298,218.63629362973748
1299,218.42692345830514
1300,218.1600000000086
1301,217.82161860858946
1302,217.41927816362153
1303,216.96582842613736
1304,216.47411915716927
1305,215.95700011774954
1306,215.42732106891077
1307,214.89793177168525
1308,214.38168198710542
1309,213.89142147620367
1310,213.4400000000124
1311,213.0370884399899
1312,212.67964215929732
1313,212.36143764152106
1314,212.07625137024763
1315,211.8178598290634
1316,211.58003950155484
1317,211.35656687130844
1318,211.14121842191065
1319,210.92777063694788
1320,210.71000000000654
1321,210.4826476315124
1322,210.24431319924778
1323,209.9945610078345
1324,209.7329553618944
1325,209.45906056604923
1326,209.17244092492086
1327,208.87266074313095
1328,208.5592843253014
1329,208.231875976054
1330,207.89000000001047
1331,207.53538103400982
1332,207.17838504376095
1333,206.8315383271902
1334,206.50736718222382
1335,206.21839790678828
1336,205.97715679880997
1337,205.79617015621523
1338,205.68796427693036
1339,205.66506545888194
1340,205.73999999999617
1341,205.9185282324911
1342,206.1793466257491
1343,206.4943856834428
1344,206.8355759092449
1345,207.1748478068281
1346,207.48413187986512
1347,207.73535863202864
1348,207.90045856699143
1349,207.95136218842612
1350,207.86000000000539
1351,207.60680603601955
1352,207.2062284532323
1353,206.6812189390264
1354,206.0547291807848
1355,205.34971086589027
1356,204.58911568172564
1357,203.79589531567376
1358,202.99300145511748
1359,202.20338578743957
1360,201.45000000002295
1361,200.7519576234863
1362,200.11301956139044
1363,199.53310856053128
1364,199.01214736770473
1365,198.55005872970685
1366,198.1467653933335
1367,197.8021901053806
1368,197.5162556126442
1369,197.2888846619202
1370,197.12000000000455
1371,197.0092734701327
1372,196.95537330129864
1373,196.95671681893563
1374,197.0117213484771
1375,197.11880421535636
1376,197.2763827450068
1377,197.48287426286188
1378,197.73669609435484
1379,198.0362655649191
1380,198.37999999998812
1381,198.7652984960014
1382,199.18548723342354
1383,199.6328741637251
1384,200.09976723837656
1385,200.57847440884862
1386,201.06130362661173
1387,201.54056284313654
1388,202.0085600098935
1389,202.45760307835332
1390,202.8799999999865
1391,203.26872254579914
1392,203.61939776493998
1393,203.92831652609337
1394,204.19176969794358
1395,204.4060481491751
1396,204.56744274847225
1397,204.67224436451934
1398,204.7167438660008
1399,204.69723212160093
1400,204.61000000000416
1401,204.45384132074588
1402,204.2375617067664
1403,203.97246973185787
1404,203.6698739698122
1405,203.34108299442136
1406,202.99740537947739
1407,202.6501496987722
1408,202.31062452609783
1409,201.99013843524622
1410,201.70000000000937
1411,201.45117217123854
1412,201.25323540802228
1413,201.11542454650817
1414,201.04697442284402
1415,201.0571198731775
1416,201.1550957336563
1417,201.3501368404281
1418,201.65147802964066
1419,202.06835413744167
1420,202.60999999997878
1421,203.28020999431197
1422,204.06101666114728
1423,204.92901208210202
1424,205.8607883387933
1425,206.8329375128384
1426,207.82205168585446
1427,208.80472293945866
1428,209.7575433552683
1429,210.6571050149005
1430,211.47999999997245
1431,212.2065778513953
1432,212.8322179472579
1433,213.35605712494376
1434,213.77723222183627
1435,214.094880075319
1436,214.30813752277555
1437,214.41614140158933
1438,214.41802854914394
1439,214.3129358028229
1440,214.1000000000097
1441,213.78141859999835
1442,213.37163154972643
1443,212.88813941804264
1444,212.34844277379577
1445,211.7700421858345
1446,211.17043822300758
1447,210.56713145416364
1448,209.97762244815155
1449,209.41941177381997
1450,208.91000000001762
1451,208.46337774865574
1452,208.07949585389423
1453,207.75479520295448
1454,207.48571668305823
1455,207.26870118142693
1456,207.10018958528218
1457,206.97662278184555
1458,206.89444165833854
1459,206.85008710198278
1460,206.83999999999986
1461,206.86096040545178
1462,206.91110503476295
1463,206.9889097701985
1464,207.0928504940234
1465,207.22140308850268
1466,207.3730434359014
1467,207.54624741848457
1468,207.7394909185172
1469,207.95124981826436
1470,208.1799999999911
1471,208.42320062953803
1472,208.6742440070481
1473,208.92550571623966
1474,209.16936134083087
1475,209.3981864645403
1476,209.60435667108604
1477,209.78024754418655
1478,209.9182346675601
1479,210.010693624925
1480,210.04999999999964
1481,210.02977707635935
1482,209.94863893700852
1483,209.8064473648087
1484,209.60306414262172
1485,209.3383510533093
1486,209.012169879733
1487,208.62438240475464
1488,208.17485041123578
1489,207.6634356820382
1490,207.09000000002362
1491,206.45599106504898
1492,205.7692002449535
1493,205.03900482457223
1494,204.27478208873987
1495,203.48590932229143
1496,202.68176381006185
1497,201.871722836886
1498,201.0651636875988
1499,200.27146364703515
1500,199.50000000002996
1501,198.76085866357866
1502,198.06696008331926
1503,197.4319333370504
1504,196.8694075025707
1505,196.39301165767887
1506,196.0163748801735
1507,195.75312624785332
1508,195.616894838517
1509,195.62130972996312
1510,195.77999999999037
1511,196.09567428076076
1512,196.527359421884
1513,197.02316182733054
1514,197.5311879010709
1515,197.99954404707546
1516,198.37633666931472
1517,198.60967217175906
1518,198.64765695837903
1519,198.438397433145
1520,197.93000000002746
1521,197.09199421338576
1522,195.97960222914529
1523,194.66946935362566
1524,193.2382408931464
1525,191.76256215402708
1526,190.31907844258734
1527,188.9844350651466
1528,187.83527732802457
1529,186.94825053754067
1530,186.4000000000146
1531,186.2434888658407
1532,186.43695166170124
1533,186.91494075834754
1534,187.6120085265308
1535,188.46270733700229
1536,189.40158956051334
1537,190.36320756781515
1538,191.282113729659
1539,192.0928604167962
1540,192.7299999999779
1541,193.14376032327425
1542,193.34707112403797
1543,193.3685376129443
1544,193.23676500066878
1545,192.9803584978868
1546,192.6279233152737
1547,192.2080646635049
1548,191.74938775325583
1549,191.2804977952018
1550,190.83000000001834
1551,190.42125984102668
1552,190.0566838421294
1553,189.7334387898736
1554,189.44869147080638
1555,189.199608671475
1556,188.9833571784265
1557,188.79710377820808
1558,188.63801525736687
1559,188.50325840244994
1560,188.39000000000448
1561,188.29542031267567
1562,188.21675350750166
1563,188.15124722761828
1564,188.0961491161616
1565,188.04870681626778
1566,188.0061679710728
1567,187.96578022371273
1568,187.92479121732362
1569,187.88044859504146
1570,187.83000000000237
1571,187.77068890830455
1572,187.69974212789444
1573,187.61438229968076
1574,187.5118320645722
1575,187.38931406347737
1576,187.2440509373049
1577,187.07326532696356
1578,186.87417987336192
1579,186.64401721740865
1580,186.38000000001247
1581,186.08279405413492
1582,185.7668379809515
1583,185.45001357369148
1584,185.15020262558423
1585,184.88528692985895
1586,184.67314827974508
1587,184.5316684684718
1588,184.4787292892685
1589,184.5322125353645
1590,184.70999999998907
1591,185.02241487519663
1592,185.44954594833828
1593,185.96392340558796
1594,186.53807743311992
1595,187.1445382171081
1596,187.7558359437267
1597,188.34450079914976
1598,188.8830629695514
1599,189.3440526411057
1600,189.69999999998672
1601,189.9310664450176
1602,190.04793822562164
1603,190.06893280387303
1604,190.01236764184625
1605,189.89656020161559
1606,189.7398279452553
1607,189.56048833483982
1608,189.37685883244345
1609,189.20725690014046
1610,189.0700000000053
1611,188.97888934468853
1612,188.9296611491436
1613,188.9135353788992
1614,188.92173199948388
1615,188.94547097642615
1616,188.9759722752547
1617,189.00445586149797
1618,189.02214170068456
1619,189.02024975834317
1620,188.99000000000223
1621,188.9249461762372
1622,188.82797717781193
1623,188.70431568053792
1624,188.55918436022637
1625,188.39780589268875
1626,188.2254029537364
1627,188.04719821918073
1628,187.86841436483311
1629,187.69427406650485
1630,187.5300000000074
1631,187.38012595038788
1632,187.24643013963671
1633,187.1300018989797
1634,187.03193055964286
1635,186.9533054528521
1636,186.89521590983338
1637,186.8587512618127
1638,186.84500084001584
1639,186.8550539756689
1640,186.88999999999777
1641,186.94977002223834
1642,187.0296622636658
1643,187.1238167235651
1644,187.2263734012211
1645,187.33147229591862
1646,187.43325340694253
1647,187.52585673357768
1648,187.60342227510898
1649,187.66009003082124
1650,187.68999999999937
1651,187.68960396065276
1652,187.6646008056909
1653,187.62300120674828
1654,187.5728158354595
1655,187.5220553634592
1656,187.47873046238192
1657,187.45085180386235
1658,187.44643005953506
1659,187.47347590103465
1660,187.53999999999567
1661,187.65069413514368
1662,187.7969745135654
1663,187.9669384494376
1664,188.14868325693712
1665,188.33030625024048
1666,188.4999047435245
1667,188.64557605096587
1668,188.75541748674138
1669,188.81752636502773
1670,188.82000000000158
1671,188.75463949875277
1672,188.62806114002564
1673,188.45058499547878
1674,188.2325311367706
1675,187.98421963555958
1676,187.7159705635044
1677,187.43810399226348
1678,187.16093999349533
1679,186.8947986388585
1680,186.6500000000115
1681,186.4343878698683
1682,186.24590092636342
1683,186.080001568686
1684,185.9321521960253
1685,185.7978152075705
1686,185.6724530025108
1687,185.5515279800354
1688,185.43050253933347
1689,185.30483907959436
1690,185.1700000000071
1691,185.02184902182685
1692,184.85785515457226
1693,184.67588872982805
1694,184.47382007917878
1695,184.24951953420918
1696,184.00085742650396
1697,183.7257040876477
1698,183.4219298492251
1699,183.08740504282085
1700,182.72000000001958
1701,182.32161604288657
1702,181.9102784554121
1703,181.50804351206835
1704,181.13696748732744
1705,180.8191066556615
1706,180.57651729154267
1707,180.43125566944303
1708,180.40537806383486
1709,180.52094074919017
1710,180.79999999998114
1711,181.25368680669067
1712,181.84943102383812
1713,182.54373722195035
1714,183.2931099715541
1715,184.05405384317604
1716,184.7830734073431
1717,185.436673234582
1718,185.9713578954195
1719,186.3436319603824
1720,186.50999999999746
1721,186.44164673027154
1722,186.16847744914077
1723,185.73507760002587
1724,185.18603262634767
1725,184.56592797152686
1726,183.91934907898428
1727,183.2908813921407
1728,182.7251103544168
1729,182.2666214092335
1730,181.9600000000114
1731,181.83753627223481
1732,181.88233917963439
1733,182.0652223780001
1734,182.35699952312208
1735,182.72848427079055
1736,183.15049027679567
1737,183.59383119692745
1738,184.02932068697612
1739,184.42777240273182
1740,184.75999999998464
1741,185.00392818079504
1742,185.16592583230909
1743,185.25947288794563
1744,185.29804928112327
1745,185.29513494526068
1746,185.26420981377663
1747,185.21875382008977
1748,185.17224689761883
1749,185.13816897978253
1750,185.12999999999948
1751,185.15811100454172
1752,185.22043749109207
1753,185.3118060701855
1754,185.42704335235717
1755,185.56097594814207
1756,185.70843046807525
1757,185.86423352269182
1758,186.0232117225268
1759,186.18019167811522
1760,186.32999999999222
1761,186.46913780101016
1762,186.60080420329223
1763,186.72987283127947
1764,186.86121730941295
1765,186.99971126213381
1766,187.15022831388305
1767,187.31764208910178
1768,187.50682621223103
1769,187.72265430771193
1770,187.9699999999855
1771,188.25164779136978
1772,188.56202569568913
1773,188.89347260464427
1774,189.23832740993586
1775,189.58892900326447
1776,189.93761627633077
1777,190.2767281208355
1778,190.59860342847924
1779,190.89558109096265
1780,191.15999999998644
1781,191.38640103342672
1782,191.57813301386363
1783,191.74074675005343
1784,191.8797930507524
1785,192.00082272471693
1786,192.10938658070327
1787,192.21103542746772
1788,192.3113200737667
1789,192.41579132835645
1790,192.5299999999933
1791,192.6580280748534
1792,192.79808224879153
1793,192.94690039508174
1794,193.10122038699808
1795,193.25778009781462
1796,193.4133174008055
1797,193.56457016924477
1798,193.70827627640656
1799,193.84117359556487
1800,193.9599999999938
1801,194.06171666711296
1802,194.14417799092416
1803,194.2054616695747
1804,194.24364540121195
1805,194.2568068839833
1806,194.2430238160361
1807,194.20037389551774
1808,194.12693482057554
1809,194.02078428935684
1810,193.88000000000906
1811,193.7041152566775
1812,193.4984857875002
1813,193.26992292661356
1814,193.02523800815413
1815,192.77124236625832
1816,192.51474733506265
1817,192.26256424870357
1818,192.02150444131755
1819,191.79837924704108
1820,191.60000000001065
1821,191.43057230622483
1822,191.28387885912912
1823,191.15109662403034
1824,191.0234025662352
1825,190.89197365105036
1826,190.74798684378268
1827,190.58261910973889
1828,190.38704741422566
1829,190.1524487225498
1830,189.87000000001808
1831,189.5348355184914
1832,189.1579187760508
1833,188.75417057733273
1834,188.33851172697376
1835,187.9258630296105
1836,187.53114528987936
1837,187.16927931241696
1838,186.85518590185984
1839,186.60378586284457
1840,186.43000000000765
1841,186.34338561990504
1842,186.3320460367663
1843,186.3787210667385
1844,186.46615052596871
1845,186.577074230604
1846,186.69423199679144
1847,186.8003636406781
1848,186.87820897841107
1849,186.91050782613732
1850,186.88000000000403
1851,186.77499200192858
1852,186.6060570769138
1853,186.38933515573493
1854,186.1409661691671
1855,185.87709004798552
1856,185.61384672296552
1857,185.36737612488204
1858,185.1538181845105
1859,184.98931283262598
1860,184.8900000000037
1861,184.86747637241584
1862,184.91516565561915
1863,185.02194831036587
1864,185.1767047974081
1865,185.368315577498
1866,185.58566111138776
1867,185.8176218598295
1868,186.05307828357533
1869,186.28091084337754
1870,186.48999999998816
1871,186.67112250840307
1872,186.82264030059403
1873,186.94481160277735
1874,187.0378946411692
1875,187.10214764198568
1876,187.13782883144307
1877,187.14519643575758
1878,187.12450868114533
1879,187.07602379382254
1880,187.0000000000055
1881,186.89643359393816
1882,186.76427314197585
1883,186.60220527850163
1884,186.40891663789859
1885,186.18309385454975
1886,185.92342356283822
1887,185.6285923971471
1888,185.29728699185932
1889,184.9281939813581
1890,184.52000000002647
1891,184.07294311589186
1892,183.59346713156089
1893,183.08956728328502
1894,182.56923880731588
1895,182.04047693990492
1896,181.51127691730372
1897,180.98963397576372
1898,180.48354335153664
1899,180.00100028087388
1900,179.55000000002698
1901,179.13540394264132
1902,178.74953833193504
1903,178.38159558851893
1904,178.02076813300377
1905,177.65624838600033
1906,177.27722876811936
1907,176.87290169997172
1908,176.43245960216814
1909,175.9450948953194
1910,175.40000000003633
1911,174.7933611137107
1912,174.14933954086422
1913,173.4990903628022
1914,172.87376866082997
1915,172.30452951625284
1916,171.82252801037623
1917,171.45891922450545
1918,171.24485823994576
1919,171.21150013800263
1920,171.3899999999813
1921,171.79772160266688
1922,172.39686350475267
1923,173.13583296040662
1924,173.9630372237965
1925,174.8268835490902
1926,175.67577919045561
1927,176.4581314020605
1928,177.12234743807272
1929,177.61683455266018
1930,177.8899999999907
1931,177.90648247553824
1932,177.69584644001372
1933,177.3038877954405
1934,176.7764024438418
1935,176.15918628724094
1936,175.49803522766115
1937,174.8387451671258
1938,174.2271120076581
1939,173.7089316512814
1940,173.330000000019
1941,173.12508849518218
1942,173.08487073522622
1943,173.18899585789
1944,173.4171130009126
1945,173.74887130203285
1946,174.1639198989899
1947,174.64190792952263
1948,175.16248453137007
1949,175.7052988422712
1950,176.24999999996498
1951,176.77741354373708
1952,177.2730706190612
1953,177.72367877295807
1954,178.1159455524485
1955,178.4365785045533
1956,178.67228517629326
1957,178.8097731146891
1958,178.83574986676174
1959,178.73692297953193
1960,178.50000000002038
1961,178.11819732977293
1962,177.61076678843983
1963,177.00346905019896
1964,176.32206478922828
1965,175.59231467970545
1966,174.83997939580848
1967,174.09081961171515
1968,173.37059600160333
1969,172.70506923965084
1970,172.12000000003556
1971,171.6355871372847
1972,171.24978222731895
1973,170.95497502640603
1974,170.74355529081373
1975,170.6079127768099
1976,170.54043724066236
1977,170.53351843863877
1978,170.57954612700703
1979,170.67091006203495
1980,170.79999999999035
1981,170.95983412122135
1982,171.1459443023983
1983,171.35449084427216
1984,171.5816340475938
1985,171.8235342131144
1986,172.0763516415847
1987,172.33624663375574
1988,172.59937949037848
1989,172.8619105122039
1990,173.11999999998287
1991,173.37069637779587
1992,173.6146005630414
1993,173.85320159644792
1994,174.0879885187437
1995,174.32045037065728
1996,174.55207619291684
1997,174.78435502625086
1998,175.0187759113877
1999,175.25682788905573
2000,175.4999999999833
2001,175.74828036750029
2002,175.99565344534133
2003,176.23460276984207
2004,176.45761187733802
2005,176.6571643041647
2006,176.82574358665775
2007,176.9558332611527
2008,177.03991686398507
2009,177.07047793149042
2010,177.04000000000437
2011,176.94537215212713
2012,176.8011056555217
2013,176.62611732411727
2014,176.4393239718434
2015,176.25964241262938
2016,176.10598946040463
2017,175.9972819290986
2018,175.95243663264063
2019,175.9903703849601
2020,176.1299999999864
2021,176.38307102398676
2022,176.73264393257307
2023,177.15460793369243
2024,177.62485223529154
2025,178.11926604531735
2026,178.6137385717166
2027,179.0841590224363
2028,179.50641660542328
2029,179.8564005286243
2030,180.1099999999863
2031,180.24994375184406
2032,180.28631861409
2033,180.23605094100725
2034,180.11606708687899
2035,179.94329340598836
2036,179.73465625261863
2037,179.50708198105286
2038,179.27749694557423
2039,179.06282750046606
2040,178.88000000001134
2041,178.74163396860047
2042,178.64312161104849
2043,178.57554830227596
2044,178.5299994172033
2045,178.49756033075087
2046,178.46931641783914
2047,178.43635305338864
2048,178.38975561231973
2049,178.32060946955283
2050,178.22000000000844
2051,178.082550373792
2052,177.91703494175206
2053,177.73576584992367
2054,177.55105524434185
2055,177.37521527104178
2056,177.22055807605838
2057,177.0993958054268
2058,177.02404060518208
2059,177.00680462135927
2060,177.05999999999347
2061,177.18935453627176
2062,177.37425862198427
2063,177.58751829807025
2064,177.801939605469
2065,177.99032858511987
2066,178.12549127796217
2067,178.18023372493516
2068,178.12736196697819
2069,177.9396820450306
2070,177.59000000003167
2071,177.0620214811297
2072,176.38305057031874
2073,175.59129095780645
2074,174.7249463338006
2075,173.82222038850875
2076,172.9213168121387
2077,172.06043929489817
2078,171.27779152699486
2079,170.61157719863638
2080,170.10000000003055
2081,169.7695995393913
2082,169.60025909694724
2083,169.56019787092828
2084,169.6176350595643
2085,169.74078986108506
2086,169.8978814737205
2087,170.0571290957005
2088,170.1867519252548
2089,170.25496916061337
2090,170.23000000000602
2091,170.08900036143444
2092,169.8448730419958
2093,169.51945755856295
2094,169.13459342800877
2095,168.71212016720614
2096,168.27387729302802
2097,167.8417043223472
2098,167.43744077203664
2099,167.08292615896917
2100,166.80000000001772
2101,166.6047290149574
2102,166.49008873516706
2103,166.44328189492535
2104,166.45151122851087
2105,166.5019794702022
2106,166.58188935427785
2107,166.67844361501648
2108,166.77884498669664
2109,166.87029620359692
2110,166.93999999999596
2111,166.97733357879417
2112,166.98037201738146
2113,166.94936486177062
2114,166.8845616579745
2115,166.7862119520058
2116,166.6545652898773
2117,166.48987121760175
2118,166.29237928119196
2119,166.0623390266608
2120,165.8000000000209
2121,165.50692666989437
2122,165.18994319534164
2123,164.85718865803307
2124,164.51680213963894
2125,164.1769227218295
2126,163.84568948627515
2127,163.53124151464618
2128,163.24171788861284
2129,162.98525768984547
2130,162.77000000001448
2131,162.60133974173
2132,162.47369520135925
2133,162.37874050620837
2134,162.30814978358327
2135,162.2535971607899
2136,162.2067567651343
2137,162.1593027239224
2138,162.1029091644602
2139,162.02925021405363
2140,161.93000000000873
2141,161.800154363264
2142,161.64799599929117
2143,161.48512931719603
2144,161.32315872608433
2145,161.17368863506186
2146,161.0483234532344
2147,160.95866758970777
2148,160.9163254535877
2149,160.93290145397998
2150,161.01999999999038
2151,161.18880280525235
2152,161.44880080150932
2153,161.80906222503216
2154,162.27865531209184
2155,162.86664829895912
2156,163.58210942190505
2157,164.4341069172004
2158,165.4317090211161
2159,166.58398396992305
2160,167.89999999989215
2161,169.3808344155527
2162,170.99560079446064
2163,172.70542178242655
2164,174.47142002526124
2165,176.2547181687752
2166,178.0164388587792
2167,179.7177047410838
2168,181.31963846149966
2169,182.7833626658376
2170,184.06999999990808
2171,185.14900953196587
2172,186.0231960200495
2173,186.70370064464564
2174,187.20166458624067
2175,187.52822902532108
2176,187.69453514237347
2177,187.71172411788433
2178,187.59093713234012
2179,187.34331536622742
2180,186.98000000003265
2181,186.51440745620133
2182,185.9690551250167
2183,185.36873563872217
2184,184.73824162956092
2185,184.10236572977624
2186,183.48590057161152
2187,182.91363878731
2188,182.41037300911498
2189,182.00089586926978
2190,181.71000000001766
2191,181.55490064331985
2192,181.52250348000237
2193,181.5921368006054
2194,181.7431288956693
2195,181.95480805573425
2196,182.20650257134065
2197,182.4775407330287
2198,182.74725083133876
2199,182.99496115681112
2200,183.19999999998598
2201,183.34583997057862
2202,183.43253095500768
2203,183.4642671588687
2204,183.4452427877573
2205,183.3796520472691
2206,183.27168914299955
2207,183.12554828054428
2208,182.94542366549882
2209,182.73550950345881
2210,182.50000000001975
2211,182.2432794743575
2212,181.97049269996913
2213,181.6869745639321
2214,181.3980599533238
2215,181.1090837552218
2216,180.82538085670348
2217,180.55228614484622
2218,180.29513450672755
2219,180.05926082942486
2220,179.85000000001565
2221,179.67312213208004
2222,179.5361382452098
2223,179.44699458549954
2224,179.4136373990439
2225,179.44401293193752
2226,179.54606743027512
2227,179.72774714015125
2228,179.99699830766065
2229,180.3617671788979
2230,180.8299999999577
2231,181.40310199734446
2232,182.05631431919556
2233,182.75833709405492
2234,183.47787045046653
2235,184.1836145169743
2236,184.84426942212218
2237,185.42853529445418
2238,185.90511226251417
2239,186.24270045484622
2240,186.40999999999423
2241,186.38642987836369
2242,186.1942844778174
2243,185.86657703808487
2244,185.43632079889568
2245,184.93652899997926
2246,184.40021488106527
2247,183.8603916818832
2248,183.35007264216264
2249,182.90227100163315
2250,182.55000000002417
2251,182.31785848920208
2252,182.19678776957218
2253,182.16931475367218
2254,182.21796635404
2255,182.3252694832135
2256,182.47375105373044
2257,182.64593797812879
2258,182.8243571689463
2259,182.99153553872083
2260,183.12999999999022
2261,183.22693616488812
2262,183.2881644439354
2263,183.32416394725126
2264,183.34541378495484
2265,183.3623930671651
2266,183.3855809040012
2267,183.42545640558214
2268,183.49249868202702
2269,183.59718684345498
2270,183.74999999998505
2271,183.95911685121465
2272,184.22351445465242
2273,184.53986945728428
2274,184.9048585060959
2275,185.31515824807326
2276,185.76744533020218
2277,186.2583963994684
2278,186.78468810285787
2279,187.34299708735634
2280,187.92999999994973
2281,188.54074643011617
2282,189.1637777373017
2283,189.78600822344396
2284,190.39435219048042
2285,190.97572394034876
2286,191.51703777498653
2287,192.00520799633125
2288,192.42714890632053
2289,192.76977480689203
2290,193.01999999998316
2291,193.16989742808474
2292,193.23217459590484
2293,193.22469764870735
2294,193.16533273175614
2295,193.07194599031507
2296,192.96240356964793
2297,192.85457161501876
2298,192.7663162716912
2299,192.71550368492925
2300,192.7199999999968
2301,192.79242385744942
2302,192.92440387900504
2303,193.1023211816706
2304,193.31255688245295
2305,193.5414920983592
2306,193.77550794639632
2307,194.00098554357123
2308,194.2043060068909
2309,194.3718504533623
2310,194.48999999999245
2311,194.55022714207047
2312,194.56436988801988
2313,194.5493576245488
2314,194.52211973836557
2315,194.4995856161785
2316,194.4986846446958
2317,194.5363462106257
2318,194.62949970067652
2319,194.79507450155643
2320,195.04999999997375
2321,195.4047575742137
2322,195.8440365688626
2323,196.34607832008052
2324,196.88912416402738
2325,197.45141543686316
2326,198.01119347474784
2327,198.54669961384147
2328,199.03617519030402
2329,199.45786154029545
2330,199.78999999997578
2331,200.0167725609187
2332,200.14612383635918
2333,200.19193909494908
2334,200.16810360534018
2335,200.0885026361842
2336,199.96702145613307
2337,199.81754533383847
2338,199.65395953795223
2339,199.49014933712616
2340,199.34000000001214
2341,199.21504218202597
2342,199.11738808563763
2343,199.0467953000799
2344,199.00302141458567
2345,198.9858240183876
2346,198.9949607007186
2347,199.0301890508114
2348,199.09126665789893
2349,199.1779511112139
2350,199.28999999998905
2351,199.4254187109885
2352,199.57520382109894
2353,199.72859970473726
2354,199.87485073632052
2355,200.00320129026568
2356,200.10289574098974
2357,200.16317846290966
2358,200.17329383044242
2359,200.12248621800495
2360,200.00000000001432
2361,199.80020297399983
2362,199.53795662994565
2363,199.23324588095107
2364,198.90605564011545
2365,198.576370820538
2366,198.2641763353181
2367,197.98945709755492
2368,197.77219802034776
2369,197.63238401679604
2370,197.5899999999989
2371,197.65810939307195
2372,197.8220896591885
2373,198.0603967715344
2374,198.35148670329554
2375,198.67381542765773
2376,199.00583891780684
2377,199.32601314692877
2378,199.61279408820943
2379,199.84463771483456
2380,199.99999999999017
2381,200.06192945368934
2382,200.0318447332596
2383,199.91575703285818
2384,199.71967754664234
2385,199.44961746876936
2386,199.1115879933965
2387,198.71160031468102
2388,198.25566562678011
2389,197.7497951238512
2390,197.20000000005138
2391,196.61493279220855
2392,196.01381140783582
2393,195.41849509711824
2394,194.85084311024093
2395,194.3327146973889
2396,193.88596910874733
2397,193.5324655945013
2398,193.29406340483584
2399,193.19262178993603
2400,193.24999999998698
2401,193.4785393776626
2402,193.8525096355816
2403,194.33666257884647
2404,194.8957500125595
2405,195.49452374182303
2406,196.09773557173955
2407,196.6701373074114
2408,197.17648075394098
2409,197.58151771643068
2410,197.8499999999828
2411,197.9550196970814
2412,197.90303004974564
2413,197.708824587381
2414,197.3871968393929
2415,196.95294033518667
2416,196.4208486041677
2417,195.8057151757414
2418,195.12233357931316
2419,194.38549734428844
2420,193.6100000000726
2421,192.8099918340496
2422,191.99705016551718
2423,191.18210907175157
2424,190.3761026300286
2425,189.5899649176243
2426,188.8346300118148
2427,188.121031989876
2428,187.46010492908403
2429,186.86278290671484
2430,186.34000000004457
2431,185.9006429670521
2432,185.54540928852612
2433,185.27294912595713
2434,185.0819126408356
2435,184.9709499946521
2436,184.93871134889707
2437,184.983846865061
2438,185.10500670463438
2439,185.30084102910783
2440,185.56999999997163
2441,185.90821629792916
2442,186.2995526805313
2443,186.72515442453997
2444,187.16616680671723
2445,187.60373510382504
2446,188.01900459262544
2447,188.3931205498803
2448,188.7072282523518
2449,188.9424729768018
2450,189.07999999999234
2451,189.10612184113387
2452,189.02781998923655
2453,188.85724317576194
2454,188.60654013217157
2455,188.28785958992702
2456,187.9133502804898
2457,187.49516093532137
2458,187.04544028588336
2459,186.57633706363737
2460,186.1000000000448
2461,185.62777633755587
2462,185.16780736257428
2463,184.7274328724918
2464,184.31399266470035
2465,183.93482653659171
2466,183.59727428555775
2467,183.30867570899036
2468,183.07637060428132
2469,182.90769876882246
2470,182.8100000000057
2471,182.78732280882028
2472,182.83055056064168
2473,182.92727533444108
2474,183.06508920918947
2475,183.23158426385797
2476,183.41435257741762
2477,183.60098622883962
2478,183.77907729709503
2479,183.93621786115483
2480,184.05999999999023
2481,184.14094242719685
2482,184.1812703948723
2483,184.1861357897403
2484,184.16069049852473
2485,184.11008640794935
2486,184.03947540473806
2487,183.95400937561456
2488,183.85884020730276
2489,183.75911978652638
2490,183.66000000000935
2491,183.56662748237702
2492,183.4841278598614
2493,183.41762150659625
2494,183.37222879671523
2495,183.35307010435184
2496,183.3652658036399
2497,183.41393626871303
2498,183.50420187370483
2499,183.641182992749
2500,183.8299999999792
2501,184.0729676432979
2502,184.36117816567943
2503,184.68291818386535
2504,185.02647431459727
2505,185.3801331746167
2506,185.73218138066514
2507,186.07090554948422
2508,186.3845922978155
2509,186.66152824240044
2510,186.88999999998063
2511,187.0615919443231
2512,187.1810794773006
2513,187.2565357578133
2514,187.29603394476132
2515,187.30764719704482
2516,187.299448673564
2517,187.2795115332189
2518,187.2559089349097
2519,187.23671403753667
2520,187.22999999999976
2521,187.24127457932633
2522,187.26578392504857
2523,187.29620878482442
2524,187.32522990631173
2525,187.34552803716826
2526,187.349783925052
2527,187.33067831762074
2528,187.2808919625323
2529,187.19310560744464
2530,187.06000000001552
2531,186.8769297383705
2532,186.64994482250876
2533,186.38776910289872
2534,186.09912643000882
2535,185.79274065430755
2536,185.47733562626325
2537,185.16163519634435
2538,184.8543632150193
2539,184.5642435327566
2540,184.30000000002454
2541,184.07035646729162
2542,183.8840367850263
2543,183.7497648036969
2544,183.676264373772
2545,183.67225934571988
2546,183.74647357000907
2547,183.90763089710796
2548,184.16445517748497
2549,184.5256702616085
2550,184.99999999994705
2551,185.0
2552,185.0
2553,185.0
2554,185.0
2555,185.0
2556,185.0
2557,185.0
2558,185.0
2559,185.0
2560,185.0
2561,185.0
2562,185.0
2563,185.0
2564,185.0
2565,185.0
2566,185.0
2567,185.0
2568,185.0
2569,185.0
2570,185.0
2571,185.0
2572,185.0
2573,185.0
2574,185.0
2575,185.0
2576,185.0
2577,185.0
2578,185.0
2579,185.0
2580,185.0
2581,185.0
2582,185.0
2583,185.0
2584,185.0
2585,185.0
2586,185.0
2587,185.0
2588,185.0
2589,185.0
2590,185.0
2591,185.0
2592,185.0
2593,185.0
2594,185.0
2595,185.0
2596,185.0
2597,185.0
2598,185.0
2599,185.0
2600,185.0
