0,185.0
1,185.0
2,185.0
3,185.0
4,185.0
5,185.0
6,185.0
7,185.0
8,185.0
9,185.0
10,185.0
11,185.0
12,185.0
13,185.0
14,185.0
15,185.0
16,185.0
17,185.0
18,185.0
19,185.0
20,185.0
21,185.0
22,185.0
23,185.0
24,185.0
25,185.0
26,185.0
27,185.0
28,185.0
29,185.0
30,185.0
31,185.0
32,185.0
33,185.0
34,185.0
35,185.0
36,185.0
37,185.0
38,185.0
39,185.0
40,185.0
41,185.0
42,185.0
43,185.0
44,185.0
45,185.0
46,185.0
47,185.0
48,185.0
49,185.0
50,185.0
51,184.52567026164976
52,184.16445517751544
53,183.9076308971285
54,183.74647357002058
55,183.67225934572323
56,183.67626437376796
57,183.7497648036865
58,183.88403678501032
59,184.07035646727095
60,184.3
61,184.5642435327291
62,184.85436321498972
63,185.16163519631354
64,185.47733562623202
65,185.79274065427683
66,186.09912642997946
67,186.38776910287154
68,186.6499448224846
69,186.8769297383502
70,187.06
71,187.19310560743395
72,187.28089196252566
73,187.33067831761744
74,187.34978392505138
75,187.34552803716957
76,187.32522990631423
77,187.29620878482743
78,187.2657839250514
79,187.24127457932818
80,187.23000000000002
81,187.2367140375353
82,187.25590893490758
83,187.2795115332167
84,187.2994486735625
85,187.30764719704487
86,187.29603394476368
87,187.25653575781874
88,187.1810794773099
89,187.06159194433707
90,186.89
91,186.66152824242505
92,186.38459229784416
93,186.07090554951594
94,185.7321813806987
95,185.38013317465092
96,185.02647431463112
97,184.68291818389764
98,184.361178165709
99,184.0729676433237
100,183.83000000000004
101,183.64118299276458
102,183.50420187371563
103,183.4139362687196
104,183.36526580364273
105,183.35307010435145
106,183.37222879671197
107,183.41762150659082
108,183.48412785985423
109,183.5666274823685
110,183.66000000000003
111,183.75911978651678
112,183.8588402072933
113,183.95400937560584
114,184.03947540473047
115,184.1100864079435
116,184.16069049852098
117,184.1861357897392
118,184.18127039487433
119,184.1409424272025
120,184.06000000000003
121,183.9362178611684
122,183.77907729711112
123,183.60098622885718
124,183.4143525774354
125,183.2315842638747
126,183.06508920920407
127,182.9272753344524
128,182.83055056064853
129,182.78732280882144
130,182.81000000000003
131,182.90769876880975
132,183.07637060426222
133,183.30867570896558
134,183.59727428552807
135,183.93482653655775
136,184.31399266466278
137,184.72743287245135
138,185.16780736253165
139,185.6277763375118
140,186.0999999999999
141,186.57633706359263
142,187.04544028583993
143,187.49516093528035
144,187.9133502804523
145,188.28785958989425
146,188.6065401321447
147,188.85724317574198
148,189.0278199892247
149,189.10612184113123
150,189.08000000000007
151,188.94247297681957
152,188.7072282523778
153,188.39312054991285
154,188.0190045926626
155,187.60373510386518
156,187.16616680675858
157,186.72515442458072
158,186.29955268056972
159,185.90821629796346
160,185.5700000000001
161,185.30084102912946
162,185.10500670464916
163,184.98384686506878
164,184.93871134889767
165,184.97094999464548
166,185.08191264082163
167,185.2729491259356
168,185.545409288497
169,185.90064296701524
170,186.3399999999999
171,186.86278290666286
172,187.46010492902562
173,188.12103198981222
174,188.8346300117467
175,189.58996491755292
176,190.3761026299549
177,191.1821090716766
178,191.99705016544198
179,192.80999183397503
180,193.6099999999998
181,194.38549734421858
182,195.1223335792476
183,195.80571517568143
184,196.42084860411475
185,196.95294033514202
186,197.38719683935796
187,197.70882458735713
188,197.90303004973416
189,197.95501969708357
190,197.85000000000008
191,197.581517716462
192,197.17648075398318
193,196.67013730746126
194,196.0977355717938
195,195.49452374187842
196,194.89575001261284
197,194.33666257889453
198,193.85250963562123
199,193.47853937769054
200,193.25000000000003
201,193.19262178993367
202,193.29406340482
203,193.53246559447405
204,193.8859691087106
205,194.33271469734478
206,194.85084311019128
207,195.41849509706518
208,196.01381140778128
209,196.6149327921545
210,197.1999999999998
211,197.7497951238033
212,198.25566562673663
213,198.71160031464225
214,199.11158799336314
215,199.4496174687419
216,199.71967754662126
217,199.91575703284403
218,200.03184473325297
219,200.0619294536907
220,200.00000000000009
221,199.84463771485233
222,199.61279408823302
223,199.32601314695634
224,199.00583891783637
225,198.67381542768732
226,198.35148670332325
227,198.06039677155837
228,197.8220896592068
229,197.6581093930826
230,197.59000000000003
231,197.6323840167876
232,197.7721980203316
233,197.98945709753272
234,198.2641763352917
235,198.57637082050923
236,198.906055640086
237,199.23324588092277
238,199.53795662992022
239,199.80020297397908
240,200.0
241,200.1224862179975
242,200.17329383044074
243,200.16317846291295
244,200.10289574099696
245,200.0032012902759
246,199.8748507363328
247,199.7285997047506
248,199.57520382111238
249,199.42541871100119
250,199.29000000000005
251,199.17795111122263
252,199.0912666579054
253,199.03018905081564
254,198.99496070072053
255,198.98582401838723
256,199.00302141458297
257,199.04679530007493
258,199.11738808563032
259,199.2150421820163
260,199.3400000000001
261,199.49014933711229
262,199.65395953793777
263,199.81754533382463
264,199.96702145612105
265,200.0885026361753
266,200.1681036053355
267,200.19193909494982
268,200.1461238363666
269,200.01677256093384
270,199.7899999999999
271,199.45786154032822
272,199.03617519034356
273,198.54669961388586
274,198.01119347479525
275,197.45141543691165
276,196.8891241640751
277,196.34607832012568
278,195.84403656890328
279,195.40475757424804
280,195.0499999999999
281,194.7950745015742
282,194.62949970068732
283,194.53634621063105
284,194.49868464469714
285,194.49958561617726
286,194.52211973836322
287,194.5493576245468
288,194.56436988801954
289,194.5502271420734
290,194.48999999999998
291,194.37185045337458
292,194.2043060069068
293,194.00098554358954
294,193.77550794641596
295,193.541492098379
296,193.3125568824717
297,193.1023211816871
298,192.9244038790183
299,192.79242385745826
300,192.72
301,192.7155036849271
302,192.76631627168516
303,192.8545716150103
304,192.96240356963864
305,193.07194599030635
306,193.16533273174952
307,193.22469764870434
308,193.23217459590688
309,193.16989742809335
310,193.0199999999999
311,192.76977480691687
312,192.42714890635258
313,192.00520799636928
314,191.51703777502948
315,190.97572394039557
316,190.39435219053
317,189.78600822349517
318,189.1637777373535
319,188.54074643016736
320,187.92999999999935
321,187.34299708740372
322,186.78468810290266
323,186.25839639951042
324,185.76744533024106
325,185.31515824810884
326,184.90485850612785
327,184.53986945731225
328,184.22351445467632
329,183.9591168512341
330,183.74999999999977
331,183.59718684346535
332,183.49249868203387
333,183.42545640558635
334,183.3855809040036
335,183.3623930671666
336,183.34541378495624
337,183.32416394725348
338,183.2881644439392
339,183.22693616489434
340,183.12999999999985
341,182.99153553873344
342,182.82435716896055
343,182.64593797814325
344,182.47375105374368
345,182.32526948322405
346,182.21796635404652
347,182.16931475367326
348,182.19678776956638
349,182.3178584891881
350,182.55000000000052
351,182.90227100160044
352,183.35007264212368
353,183.8603916818406
354,184.40021488102164
355,184.93652899993725
356,185.43632079885796
357,185.8665770380541
358,186.19428447779615
359,186.38642987835462
360,186.40999999999988
361,186.24270045486674
362,185.90511226254705
363,185.42853529449684
364,184.84426942217212
365,184.18361451702904
366,183.47787045052357
367,182.75833709411177
368,182.0563143192497
369,181.4031019973935
370,180.82999999999907
371,180.36176717893073
372,179.9969983076856
373,179.72774714016896
374,179.54606743028617
375,179.44401293194264
376,179.4136373990437
377,179.4469945854946
378,179.53613824520082
379,179.67312213206765
380,179.85000000000042
381,180.05926082940738
382,180.29513450670817
383,180.55228614482544
384,180.82538085668165
385,181.1090837551994
386,181.39805995330127
387,181.68697456390976
388,181.9704926999474
389,182.24327947433684
390,182.50000000000057
391,182.7355095034415
392,182.94542366548362
393,183.12554828053158
394,183.27168914298966
395,183.37965204726234
396,183.445242787754
397,183.46426715886918
398,183.4325309550122
399,183.3458399705875
400,183.1999999999996
401,182.9949611568288
402,182.74725083135894
403,182.47754073304972
404,182.20650257136091
405,181.9548080557522
406,181.74312889568336
407,181.59213680061404
408,181.522503480004
409,181.55490064331292
410,181.71000000000058
411,182.0008958692427
412,182.41037300907988
413,182.91363878726875
414,183.485900571566
415,184.10236572972838
416,184.73824162951252
417,185.36873563867516
418,185.969055124973
419,186.51440745616273
420,186.98000000000104
421,187.34331536620417
422,187.59093713232608
423,187.7117241178803
424,187.6945351423803
425,187.5282290253395
426,187.2016645862715
427,186.70370064468975
428,186.02319602010775
429,185.14900953203895
430,184.06999999999687
431,182.78336266594098
432,181.31963846161477
433,179.7177047412076
434,178.01643885890886
435,176.25471816890783
436,174.47142002539385
437,172.70542178255639
438,170.99560079458465
439,169.38083441566812
440,167.89999999999608
441,166.5839839700144
442,165.4317090211956
443,164.4341069172687
444,163.58210942196285
445,162.8666482990072
446,162.27865531213078
447,161.80906222506263
448,161.44880080153206
449,161.18880280526804
450,161.01999999999967
451,160.93290145398362
452,160.9163254535866
453,160.95866758970277
454,161.0483234532264
455,161.1736886350517
456,161.32315872607282
457,161.48512931718406
458,161.64799599927954
459,161.80015436325363
460,161.9300000000004
461,162.02925021404744
462,162.10290916445558
463,162.15930272391876
464,162.206756765131
465,162.25359716078634
466,162.30814978357884
467,162.3787405062025
468,162.47369520135135
469,162.60133974171936
470,162.77000000000066
471,162.98525768982844
472,163.2417178885931
473,163.53124151462433
474,163.84568948625184
475,164.1769227218053
476,164.51680213961444
477,164.85718865800885
478,165.18994319531834
479,165.50692666987246
480,165.80000000000098
481,166.06233902664323
482,166.29237928117675
483,166.48987121758884
484,166.65456528986675
485,166.78621195199761
486,166.8845616579687
487,166.94936486176726
488,166.98037201738043
489,166.9773335787956
490,166.93999999999983
491,166.8702962036028
492,166.77884498670355
493,166.67844361502358
494,166.5818893542842
495,166.5019794702069
496,166.45151122851308
497,166.44328189492416
498,166.49008873516152
499,166.60472901494666
500,166.80000000000092
501,167.0829261589466
502,167.4374407720099
503,167.84170432231778
504,168.27387729299744
505,168.71212016717598
506,169.1345934279805
507,169.51945755853802
508,169.84487304197577
509,170.08900036142086
510,170.2300000000003
511,170.25496916061522
512,170.18675192526203
513,170.0571290957108
514,169.8978814737318
515,169.7407898610951
516,169.6176350595708
517,169.56019787092922
518,169.60025909694042
519,169.7695995393745
520,170.1000000000017
521,170.61157719859563
522,171.27779152694487
523,172.06043929484161
524,172.92131681207817
525,173.82222038844685
526,174.7249463337399
527,175.59129095774966
528,176.38305057026838
529,177.06202148108832
530,177.59000000000185
531,177.93968204501272
532,178.1273619669704
533,178.1802337249355
534,178.1254912779689
535,177.9903285851311
536,177.80193960548283
537,177.58751829808494
538,177.3742586219979
539,177.18935453628262
540,177.05999999999963
541,177.00680462136037
542,177.02404060517884
543,177.0993958054201
544,177.22055807604903
545,177.3752152710306
546,177.55105524432975
547,177.73576584991133
548,177.9170349417404
549,178.08255037378183
550,178.22000000000054
551,178.32060946954735
552,178.389755612316
553,178.4363530533861
554,178.46931641783726
555,178.49756033074897
556,178.5299994172008
557,178.57554830227235
558,178.6431216110431
559,178.74163396859277
560,178.88000000000076
561,179.06282750045284
562,179.2774969455595
563,179.50708198103771
564,179.73465625260417
565,179.94329340597574
566,180.1160670868693
567,180.23605094100154
568,180.28631861408942
569,180.2499437518496
570,180.1099999999991
571,179.85640052864412
572,179.50641660544852
573,179.08415902246546
574,178.6137385717481
575,178.11926604534952
576,177.62485223532292
577,177.15460793372142
578,176.7326439325982
579,176.38307102400637
580,176.1299999999991
581,175.9903703849656
582,175.95243663264017
583,175.9972819290935
584,176.10598946039607
585,176.25964241261855
586,176.43932397183147
587,176.6261173241056
588,176.80110565551132
589,176.94537215211938
590,177.04000000000036
591,177.0704779314905
592,177.0399168639888
593,176.95583326115957
594,176.8257435866673
595,176.65716430417646
596,176.45761187735147
597,176.23460276985674
598,175.99565344535677
599,175.74828036751595
600,175.49999999999875
601,175.25682788907082
602,175.0187759114025
603,174.78435502626547
604,174.5520761929313
605,174.32045037067178
606,174.0879885187583
607,173.85320159646264
608,173.6146005630564
609,173.37069637781124
610,173.1199999999987
611,172.86191051222008
612,172.59937949039482
613,172.33624663377194
614,172.07635164160058
615,171.8235342131297
616,171.58163404760836
617,171.3544908442856
618,171.14594430241047
619,170.959834121232
620,170.79999999999927
621,170.6709100620418
622,170.57954612701133
623,170.53351843864004
624,170.5404372406601
625,170.60791277680377
626,170.74355529080322
627,170.95497502639068
628,171.2497822272983
629,171.63558713725837
630,172.12000000000302
631,172.70506923961267
632,173.37059600156115
633,174.09081961167047
634,174.83997939576287
635,175.59231467966052
636,176.32206478918548
637,177.00346905015994
638,177.61076678840607
639,178.11819732974593
640,178.50000000000182
641,178.73692297952198
642,178.8357498667597
643,178.80977311469417
644,178.67228517630448
645,178.43657850456998
646,178.11594555246987
647,177.72367877298328
648,177.27307061908942
649,176.77741354376755
650,176.24999999999693
651,175.70529884230362
652,175.16248453140173
653,174.64190792955236
654,174.16391989901646
655,173.74887130205508
656,173.41711300092925
657,173.18899585789998
658,173.0848707352283
659,173.12508849517525
660,173.3300000000018
661,173.70893165125477
662,174.22711200762473
663,174.8387451670883
664,175.4980352276223
665,176.1591862872033
666,176.77640244380808
667,177.3038877954134
668,177.69584643999582
669,177.9064824755322
670,177.88999999999913
671,177.6168345526829
672,177.1223474381067
673,176.45813140210268
674,175.67577919050305
675,174.82688354913998
676,173.9630372238456
677,173.13583296045203
678,172.3968635047915
679,171.79772160269619
680,171.3899999999982
681,171.2115001380065
682,171.24485823993845
683,171.45891922448874
684,171.82252801035196
685,172.30452951622277
686,172.87376866079583
687,173.49909036276583
688,174.14933954082733
689,174.79336111367513
690,175.40000000000373
691,175.9450948952904
692,176.43245960214207
693,176.872901699948
694,177.2772287680974
695,177.65624838597947
696,178.0207681329834
697,178.3815955884985
698,178.74953833191384
699,179.13540394261884
700,179.55000000000257
701,180.00100028084742
702,180.48354335150864
703,180.98963397573468
704,181.51127691727396
705,182.04047693987494
706,182.56923880728615
707,183.08956728325606
708,183.5934671315331
709,184.07294311586566
710,184.52000000000228
711,184.92819398133616
712,185.29728699183954
713,185.62859239712938
714,185.92342356282256
715,186.18309385453605
716,186.4089166378867
717,186.6022052784916
718,186.76427314196752
719,186.89643359393153
720,187.00000000000043
721,187.07602379381905
722,187.12450868114337
723,187.14519643575713
724,187.1378288314443
725,187.10214764198852
726,187.03789464117364
727,186.94481160278343
728,186.82264030060176
729,186.67112250841242
730,186.48999999999924
731,186.28091084338996
732,186.05307828358852
733,185.81762185984275
734,185.58566111140055
735,185.3683155775096
736,185.17670479741798
737,185.02194831037335
738,184.91516565562358
739,184.8674763724166
740,184.89000000000024
741,184.9893128326184
742,185.1538181844997
743,185.36737612486894
744,185.61384672295097
745,185.87709004797054
746,186.1409661691525
747,186.38933515572165
748,186.60605707690274
749,186.77499200192068
750,186.88000000000017
751,186.91050782613752
752,186.8782089784143
753,186.80036364068346
754,186.6942319967979
755,186.5770742306106
756,186.46615052597448
757,186.3787210667424
758,186.33204603676745
759,186.34338561990245
760,186.43000000000035
761,186.60378586283244
762,186.85518590184375
763,187.16927931239772
764,187.53114528985785
765,187.92586302958756
766,188.3385117269503
767,188.7541705773095
768,189.15791877602865
769,189.5348355184712
770,189.87000000000063
771,190.15244872253533
772,190.38704741421364
773,190.5826191097288
774,190.74798684377404
775,190.8919736510427
776,191.02340256622793
777,191.15109662402307
778,191.28387885912133
779,191.43057230621596
780,191.60000000000025
781,191.79837924702912
782,192.02150444130442
783,192.2625642486896
784,192.51474733504824
785,192.77124236624385
786,193.02523800813995
787,193.26992292660017
788,193.49848578748788
789,193.7041152566667
790,193.88000000000014
791,194.0207842893499
792,194.12693482057048
793,194.2003738955145
794,194.2430238160345
795,194.25680688398327
796,194.24364540121346
797,194.20546166957752
798,194.14417799092817
799,194.06171666711816
800,193.96000000000004
801,193.84117359557197
802,193.70827627641432
803,193.56457016925307
804,193.41331740081418
805,193.25778009782346
806,193.10122038700683
807,192.94690039509027
808,192.7980822487997
809,192.65802807486097
810,192.53000000000003
811,192.41579132836253
812,192.31132007377238
813,192.21103542747335
814,192.1093865807091
815,192.00082272472335
816,191.87979305075967
817,191.74074675006185
818,191.57813301387355
819,191.3864010334385
820,191.16000000000028
821,190.89558109097857
822,190.59860342849683
823,190.27672812085422
824,189.93761627635024
825,189.58892900328425
826,189.23832740995553
827,188.89347260466343
828,188.56202569570735
829,188.25164779138652
830,187.97000000000045
831,187.72265430772492
832,187.50682621224237
833,187.31764208911179
834,187.150228313892
835,186.99971126214191
836,186.86121730942054
837,186.72987283128677
838,186.6008042032995
839,186.46913780101772
840,186.33000000000033
841,186.18019167812392
842,186.02321172253573
843,185.86423352270074
844,185.7084304680839
845,185.56097594815006
846,185.4270433523643
847,185.3118060701914
848,185.2204374910965
849,185.1581110045444
850,185.13000000000008
851,185.13816897978123
852,185.17224689761642
853,185.21875382008707
854,185.26420981377436
855,185.29513494525958
856,185.2980492811241
857,185.25947288794924
858,185.1659258323162
859,185.00392818080635
860,184.76000000000099
861,184.4277724027527
862,184.02932068699994
863,183.5938311969525
864,183.1504902768203
865,182.72848427081323
866,182.356999523141
867,182.06522237801371
868,181.88233917964106
869,181.8375362722329
870,181.9599999999992
871,182.26662140921147
872,182.72511035438754
873,183.2908813921066
874,183.91934907894787
875,184.56592797149068
876,185.18603262631427
877,185.73507759999774
878,186.16847744912036
879,186.44164673026145
880,186.51000000000025
881,186.343631960398
882,185.97135789544546
883,185.43667323461588
884,184.78307340738255
885,184.05405384321847
886,183.29310997159706
887,182.54373722199148
888,181.84943102387493
889,181.25368680672062
890,180.8000000000019
891,180.52094074920106
892,180.4053780638372
893,180.43125566943803
894,180.5765172915315
895,180.8191066556455
896,181.13696748730783
897,181.50804351204636
898,181.91027845538898
899,182.32161604286352
900,182.71999999999787
901,183.08740504280107
902,183.42192984920715
903,183.7257040876314
904,184.00085742648923
905,184.2495195341959
906,184.47382007916679
907,184.67588872981722
908,184.85785515456257
909,185.02184902181807
910,185.16999999999916
911,185.30483907958703
912,185.43050253932662
913,185.5515279800286
914,185.6724530025039
915,185.79781520756322
916,185.93215219601737
917,186.0800015686772
918,186.24590092635347
919,186.43438786985698
920,186.64999999999853
921,186.894798638844
922,187.16093999347993
923,187.43810399224773
924,187.71597056348892
925,187.98421963554495
926,188.23253113675733
927,188.45058499546752
928,188.62806114001697
929,188.75463949874725
930,188.81999999999977
931,188.81752636502966
932,188.75541748674635
933,188.6455760509732
934,188.4999047435335
935,188.33030625025046
936,188.1486832569474
937,187.96693844944767
938,187.7969745135744
939,187.65069413515096
940,187.5400000000007
941,187.4734759010372
942,187.44643005953563
943,187.45085180386138
944,187.47873046237987
945,187.52205536345645
946,187.57281583545657
947,187.62300120674558
948,187.66460080568893
949,187.689603960652
950,187.69000000000017
951,187.66009003082368
952,187.60342227511276
953,187.52585673358251
954,187.43325340694804
955,187.3314722959245
956,187.22637340122705
957,187.1238167235707
958,187.0296622636708
959,186.94977002224232
960,186.8900000000004
961,186.85505397567016
962,186.8450008400157
963,186.85875126181122
964,186.89521590983074
965,186.95330545284827
966,187.03193055963786
967,187.13000189897366
968,187.24643013962964
969,187.3801259503799
970,187.52999999999852
971,187.69427406649527
972,187.86841436482314
973,188.04719821917067
974,188.22540295372647
975,188.3978058926793
976,188.55918436021767
977,188.70431568053027
978,188.82797717780568
979,188.92494617623257
980,188.98999999999958
981,189.02024975834232
982,189.02214170068513
983,189.00445586149937
984,188.9759722752564
985,188.9454709764278
986,188.9217319994849
987,188.91353537889904
988,188.92966114914182
989,188.97888934468457
990,189.0699999999988
991,189.20725690013163
992,189.3768588324333
993,189.56048833482942
994,189.73982794524568
995,189.8965602016077
996,190.0123676418412
997,190.0689328038719
998,190.0479382256253
999,189.93106644502728
1000,189.70000000000334
1001,189.34405264112903
1002,188.88306296957984
1003,188.34450079918184
1004,187.75583594376081
1005,187.14453821714272
1006,186.53807743315346
1007,185.96392340561894
1008,185.44954594836506
1009,185.02241487521778
1010,184.71000000000294
1011,184.5322125353708
1012,184.47872928926833
1013,184.53166846846614
1014,184.67314827973487
1015,184.88528692984534
1016,185.1502026255681
1017,185.4500135736739
1018,185.76683798093347
1019,186.0827940541175
1020,186.37999999999656
1021,186.64401721739475
1022,186.87417987334985
1023,187.07326532695316
1024,187.2440509372961
1025,187.38931406346984
1026,187.51183206456588
1027,187.61438229967547
1028,187.69974212789006
1029,187.77068890830088
1030,187.8299999999994
1031,187.88044859503887
1032,187.92479121732123
1033,187.96578022371048
1034,188.00616797107054
1035,188.0487068162653
1036,188.0961491161588
1037,188.15124722761493
1038,188.21675350749763
1039,188.2954203126709
1040,188.38999999999865
1041,188.50325840244292
1042,188.63801525735857
1043,188.79710377819842
1044,188.9833571784152
1045,189.19960867146193
1046,189.4486914707914
1047,189.73343878985642
1048,190.05668384210998
1049,190.4212598410049
1050,190.82999999999396
1051,191.28049779517562
1052,191.74938775322934
1053,192.20806466347986
1054,192.62792331525165
1055,192.9803584978694
1056,193.23676500065758
1057,193.36853761294094
1058,193.347071124044
1059,193.14376032329142
1060,192.73000000000778
1061,192.09286041683765
1062,191.28211372970839
1063,190.36320756786878
1064,189.40158956056754
1065,188.4627073370534
1066,187.61200852657507
1067,186.9149407583813
1068,186.43695166172083
1069,186.24348886584238
1070,186.3999999999947
1071,186.94825053749946
1072,187.8352773279664
1073,188.98443506507584
1074,190.31907844250827
1075,191.76256215394406
1076,193.2382408930637
1077,194.6694693535476
1078,195.97960222907622
1079,197.09199421333
1080,197.92999999998935
1081,198.4383974331253
1082,198.64765695837468
1083,198.60967217176724
1084,198.37633666933243
1085,197.99954404709982
1086,197.53118790109895
1087,197.02316182735936
1088,196.52735942191066
1089,196.0956742807823
1090,195.78000000000395
1091,195.62130972996755
1092,195.61689483851316
1093,195.75312624784195
1094,196.01637488015533
1095,196.39301165765465
1096,196.86940750254126
1097,197.4319333370165
1098,198.06696008328163
1099,198.76085866353813
1100,199.49999999998724
1101,200.27146364699087
1102,201.06516368755354
1103,201.8717228368403
1104,202.68176381001626
1105,203.48590932224639
1106,204.27478208869593
1107,205.03900482452994
1108,205.76920024491343
1109,206.45599106501155
1110,207.08999999998946
1111,207.6634356820076
1112,208.17485041120864
1113,208.62438240473097
1114,209.01216987971281
1115,209.33835105329263
1116,209.60306414260853
1117,209.80644736479897
1118,209.94863893700222
1119,210.02977707635648
1120,210.05000000000024
1121,210.01069362492882
1122,209.9182346675667
1123,209.78024754419545
1124,209.6043566710969
1125,209.39818646455257
1126,209.16936134084432
1127,208.92550571625367
1128,208.67424400706233
1129,208.42320062955207
1130,208.18000000000444
1131,207.95124981827684
1132,207.73949091852865
1133,207.54624741849491
1134,207.3730434359106
1135,207.2214030885106
1136,207.09285049402996
1137,206.98890977020366
1138,206.91110503476656
1139,206.86096040545374
1140,206.84000000000015
1141,206.85008710198127
1142,206.89444165833498
1143,206.97662278183972
1144,207.10018958527397
1145,207.26870118141608
1146,207.4857166830446
1147,207.7547952029378
1148,208.07949585387422
1149,208.46337774863238
1150,208.9099999999906
1151,209.41941177378968
1152,209.977622448119
1153,210.56713145412985
1154,211.1704382229735
1155,211.7700421858011
1156,212.34844277376408
1157,212.88813941801362
1158,213.3716315497011
1159,213.78141859997766
1160,214.09999999999462
1161,214.3129358028139
1162,214.41802854914107
1163,214.41614140159243
1164,214.30813752278462
1165,214.094880075334
1166,213.77723222185708
1167,213.35605712497036
1168,212.83221794729036
1169,212.2065778514335
1170,211.48000000001625
1171,210.65710501494925
1172,209.75754335532076
1173,208.80472293951348
1174,207.8220516859103
1175,206.83293751289395
1176,205.86078833884724
1177,204.92901208215298
1178,204.061016661194
1179,203.28020999435313
1180,202.6100000000131
1181,202.06835413746865
1182,201.65147802966086
1183,201.35013684044205
1184,201.1550957336645
1185,201.05711987318043
1186,201.04697442284228
1187,201.11542454650228
1188,201.2532354080127
1189,201.45117217122583
1190,201.69999999999408
1191,201.99013843522889
1192,202.31062452607907
1193,202.65014969875273
1194,202.99740537945777
1195,203.34108299440229
1196,203.6698739697943
1197,203.9724697318418
1198,204.23756170675273
1199,204.4538413207352
1200,204.60999999999726
1201,204.69723212159795
1202,204.7167438660015
1203,204.6722443645236
1204,204.56744274847978
1205,204.40604814918575
1206,204.1917696979571
1207,203.92831652610954
1208,203.61939776495865
1209,203.26872254582005
1210,202.88000000000943
1211,202.45760307837799
1212,202.00856000991945
1213,201.54056284316326
1214,201.06130362663893
1215,200.5784744088758
1216,200.09976723840333
1217,199.63287416375093
1218,199.1854872334481
1219,198.7652984960242
1220,198.3800000000087
1221,198.03626556493725
1222,197.73669609437044
1223,197.48287426287482
1224,197.27638274501712
1225,197.11880421536384
1226,197.01172134848167
1227,196.95671681893725
1228,196.95537330129716
1229,197.00927347012808
1230,197.11999999999662
1231,197.28888466190904
1232,197.51625561262972
1233,197.80219010536285
1234,198.1467653933124
1235,198.5500587296824
1236,199.01214736767702
1237,199.53310856050018
1238,200.11301956135608
1239,200.7519576234486
1240,201.44999999998194
1241,202.20338578739583
1242,202.9930014550723
1243,203.7958953156285
1244,204.5891156816816
1245,205.3497108658487
1246,206.05472918074702
1247,206.6812189389937
1248,207.2062284532059
1249,207.60680603600088
1250,207.8599999999957
1251,207.95136218842518
1252,207.90045856699777
1253,207.73535863204066
1254,207.4841318798812
1255,207.17484780684669
1256,206.83557590926438
1257,206.49438568346156
1258,206.17934662576562
1259,205.9185282325038
1260,205.7400000000034
1261,205.6650654588833
1262,205.68796427692664
1263,205.79617015620695
1264,205.97715679879795
1265,206.21839790677325
1266,206.50736718220642
1267,206.83153832717116
1268,207.17838504374103
1269,207.53538103398964
1270,207.88999999999072
1271,208.2318759760351
1272,208.55928432528327
1273,208.8726607431136
1274,209.17244092490424
1275,209.45906056603337
1276,209.73295536187925
1277,209.99456100782
1278,210.24431319923394
1279,210.4826476314992
1280,210.70999999999404
1281,210.9277706369357
1282,211.14121842189854
1283,211.35656687129614
1284,211.58003950154188
1285,211.8178598290494
1286,212.0762513702323
1287,212.3614376415041
1288,212.6796421592783
1289,213.0370884399685
1290,213.43999999998817
1291,213.8914214761769
1292,214.38168198707686
1293,214.89793177165555
1294,215.4273210688807
1295,215.95700011771987
1296,216.47411915714056
1297,216.96582842611053
1298,217.41927816359723
1299,217.82161860856837
1300,218.1599999999915
1301,218.4269234582918
1302,218.6362936297269
1303,218.80736604201277
1304,218.9593962228656
1305,219.11163970000123
1306,219.2833520011359
1307,219.49378865398566
1308,219.7622051862665
1309,220.10785712569452
1310,220.54999999998577
1311,221.10040469059894
1312,221.7409034939609
1313,222.4458440602397
1314,223.1895740396036
1315,223.94644108222067
1316,224.69079283825906
1317,225.39697695788695
1318,226.0393410912725
1319,226.59223288858385
1320,227.02999999998912
1321,227.3336477792298
1322,227.51081239434274
1323,227.57578771693923
1324,227.54286761863074
1325,227.4263459710286
1326,227.24051664574412
1327,226.9996735143886
1328,226.7181104485735
1329,226.41012131991005
1330,226.0900000000097
1331,225.77171419244618
1332,225.46792692864372
1333,225.1909750719886
1334,224.95319548586724
1335,224.7669250336662
1336,224.64450057877184
1337,224.5982589845706
1338,224.64053711444902
1339,224.78367183179344
1340,225.0399999999904
1341,225.41557545100295
1342,225.89131989109842
1343,226.44187199511964
1344,227.04187043790958
1345,227.66595389431097
1346,228.2887610391668
1347,228.88493054731978
1348,229.4291010936129
1349,229.89591135288885
1350,230.25999999999058
1351,230.50230400349358
1352,230.62895350690619
1353,230.65237694747054
1354,230.58500276242884
1355,230.43925938902322
1356,230.22757526449575
1357,229.96237882608867
1358,229.65609851104415
1359,229.32116275660428
1360,228.97000000001123
1361,228.61519853499817
1362,228.26998608126263
1363,227.94775021499305
1364,227.66187851237805
1365,227.42575854960614
1366,227.25277790286583
1367,227.1563241483456
1368,227.14978486223407
1369,227.24654762071975
1370,227.45999999999117
1371,227.7975018565399
1372,228.2423021680678
1373,228.7716221925786
1374,229.36268318807598
1375,229.9927064125635
1376,230.6389131240451
1377,231.27852458052445
1378,231.88876204000516
1379,232.446846760491
1380,232.92999999998574
1381,233.31796403879156
1382,233.6005652464061
1383,233.77015101462595
1384,233.8190687352477
1385,233.73966580006814
1386,233.52428960088375
1387,233.1652875294912
1388,232.65500697768704
1389,231.98579533726797
1390,231.15000000003067
1391,230.148541988273
1392,229.01663684630185
1393,227.7980737489268
1394,226.53664187095777
1395,225.27613038720443
1396,224.0603284724766
1397,222.93302530158408
1398,221.93801004933667
1399,221.11907189054406
1400,220.52000000001607
1401,220.17161800825625
1402,220.05288736853765
1403,220.1298039898246
1404,220.3683637810813
1405,220.73456265127203
1406,221.19439650936096
1407,221.7138612643124
1408,222.2589528250906
1409,222.79566710065978
1410,223.28999999998413
1411,223.7144459787554
1412,224.06749367957818
1413,224.3541302917855
1414,224.57934300471084
1415,224.74811900768728
1416,224.86544549004822
1417,224.93630964112688
1418,224.96569865025648
1419,224.95859970677043
1420,224.92000000000183
1421,224.85604807667892
1422,224.77753791310911
1423,224.69642484299533
1424,224.62466420004012
1425,224.57421131794618
1426,224.5570215304163
1427,224.585050171153
1428,224.67025257385913
1429,224.8245840722373
1430,225.0599999999901
1431,225.38300171451314
1432,225.7782746679708
1433,226.225050336219
1434,226.70256019511373
1435,227.19003572051088
1436,227.66670838826658
1437,228.11180967423672
1438,228.50457105427733
1439,228.8242240042444
1440,229.04999999999384
1441,229.16660506521734
1442,229.18064341495142
1443,229.10419381206955
1444,228.94933501944507
1445,228.72814579995133
1446,228.45270491646187
1447,228.13509113184992
1448,227.78738320898896
1449,227.42165991075242
1450,227.05000000001363
1451,226.6825680246091
1452,226.32187167222654
1453,225.96850441551643
1454,225.62305972712923
1455,225.28613107971535
1456,224.95831194592517
1457,224.64019579840917
1458,224.33237610981777
1459,224.03544635280136
1460,223.75000000001046
1461,223.47627283640782
1462,223.2130698962061
1463,222.95883852593005
1464,222.7120260721046
1465,222.4710798812547
1466,222.23444729990524
1467,222.000575674581
1468,221.76791235180696
1469,221.53490467810798
1470,221.300000000009
1471,221.06253062982222
1472,220.82536874301007
1473,220.5922714808227
1474,220.36699598450994
1475,220.15329939532194
1476,219.95493885450864
1477,219.7756715033201
1478,219.61925448300633
1479,219.48944493481736
1480,219.39000000000317
1481,219.32400464435142
1482,219.2918551317997
1483,219.29327555082307
1484,219.32798998989645
1485,219.39572253749498
1486,219.49619728209365
1487,219.6291383121675
1488,219.79426971619154
1489,219.99131558264088
1490,220.2199999999905
1491,220.48005079277786
1492,220.77121072979034
1493,221.09322631587798
1494,221.44584405589035
1495,221.82881045467747
1496,222.24187201708912
1497,222.6847752479752
1498,223.15726665218557
1499,223.65909273457004
1500,224.18999999997845
1501,224.7463021844737
1502,225.31058194896917
1503,225.86198918559037
1504,226.37967378646294
1505,226.84278564371243
1506,227.23047464946433
1507,227.52189069584432
1508,227.69618367497796
1509,227.73250347899082
1510,227.61000000000843
1511,227.31687046924236
1512,226.87750147425228
1513,226.32532694168611
1514,225.69378079819177
1515,225.01629697041707
1516,224.3263093850099
1517,223.65725196861806
1518,223.04255864788948
1519,222.5156633494721
1520,222.11000000001366
1521,221.84905593860245
1522,221.71653215408347
1523,221.68618304773972
1524,221.73176302085398
1525,221.82702647470927
1526,221.9457278105886
1527,222.0616214297748
1528,222.14846173355082
1529,222.18000312319958
1530,222.13000000000415
1531,221.97977577640253
1532,221.7409299094582
1533,221.4326308673914
1534,221.07404711842253
1535,220.68434713077212
1536,220.28269937266043
1537,219.88827231230786
1538,219.52023441793483
1539,219.19775415776184
1540,218.94000000000915
1541,218.7604609558338
1542,218.64990820813614
1543,218.5934334827515
1544,218.57612850551547
1545,218.58308500226343
1546,218.59939469883096
1547,218.61014932105343
1548,218.60044059476635
1549,218.55536024580516
1550,218.46000000000538
1551,218.3057504003019
1552,218.1091972580315
1553,217.89322520163174
1554,217.68071885954046
1555,217.4945628601954
1556,217.3576418320343
1557,217.2928404034949
1558,217.32304320301492
1559,217.47113485903213
1560,217.7599999999843
1561,218.20244744297298
1562,218.77098275975058
1563,219.42803571073046
1564,220.1360360563263
1565,220.8574135569516
1566,221.55459797301995
1567,222.19001906494486
1568,222.72610659313992
1569,223.12529031801864
1570,223.34999999999457
1571,223.37558982772873
1572,223.22911170287836
1573,222.95054195535153
1574,222.57985691505633
1575,222.15703291190073
1576,221.72204627579282
1577,221.3148733366408
1578,220.97549042435253
1579,220.74387386883626
1580,220.6599999999999
1581,220.75304324609402
1582,221.00897042873328
1583,221.40294646787171
1584,221.91013628346363
1585,222.50570479546315
1586,223.1648169238245
1587,223.86263758850185
1588,224.5743317094493
1589,225.27506420662115
1590,225.93999999997158
1591,226.54985718784076
1592,227.1075665821164
1593,227.6216121730737
1594,228.1004779509879
1595,228.55264790613415
1596,228.98660602878775
1597,229.4108363092238
1598,229.8338227377177
1599,230.26404930454447
1600,230.7099999999794
1601,231.1772680024098
1602,231.65988324266925
1603,232.14898483970276
1604,232.63571191245535
1605,233.11120357987195
1606,233.56659896089747
1607,233.99303717447694
1608,234.38165733955526
1609,234.72359857507738
1610,235.00999999998834
1611,235.23455080239935
1612,235.40114044708832
1613,235.51620846800026
1614,235.58619439908014
1615,235.6175377742729
1616,235.61667812752347
1617,235.5900549927768
1618,235.54410790397785
1619,235.48527639507165
1620,235.4200000000031
1621,235.353738787939
1622,235.28803496893295
1623,235.2234512882602
1624,235.16055049119598
1625,235.09989532301557
1626,235.04204852899406
1627,234.9875728544067
1628,234.93703104452874
1629,234.89098584463537
1630,234.8500000000018
1631,234.8152140458497
1632,234.79007967718667
1633,234.77862637896678
1634,234.78488363614434
1635,234.81288093367348
1636,234.86664775650846
1637,234.95021358960338
1638,235.06760791791237
1639,235.22286022638974
1640,235.41999999998964
1641,235.66062502865884
1642,235.93660632231348
1643,236.23738319586164
1644,236.55239496421137
1645,236.87108094227062
1646,237.18288044494759
1647,237.4772327871502
1648,237.74357728378658
1649,237.97135324976477
1650,238.14999999999281
1651,238.2711158394627
1652,238.33493503350346
1653,238.34385083752878
1654,238.30025650695222
1655,238.20654529718738
1656,238.06511046364787
1657,237.8783452617474
1658,237.64864294689949
1659,237.3783967745178
1660,237.07000000001588
1661,236.72807161347777
1662,236.36613354366992
1663,235.99993345402976
1664,235.64521900799494
1665,235.31773786900274
1666,235.03323770049082
1667,234.80746616589656
1668,234.65617092865753
1669,234.59509965221116
1670,234.63999999999498
1671,234.79991770668053
1672,235.05709079187216
1673,235.38705534640627
1674,235.76534746111938
1675,236.1675032268477
1676,236.56905873442793
1677,236.94555007469634
1678,237.2725133384894
1679,237.52548461664352
1680,237.67999999999526
1681,237.72058755977628
1682,237.66774328880533
1683,237.55095516029925
1684,237.39971114747482
1685,237.2434992235488
1686,237.11180736173804
1687,237.03412353525925
1688,237.03993571732923
1689,237.15873188116484
1690,237.4199999999828
1691,237.84093205418174
1692,238.3895360528799
1693,239.02152401237382
1694,239.69260794895985
1695,240.35849987893425
1696,240.9749118185936
1697,241.4975557842342
1698,241.88214379215253
1699,242.0843878586449
1700,242.06000000000782
1701,241.78125422341856
1702,241.2866724995888
1703,240.63133879011613
1704,239.87033705659812
1705,239.0587512606325
1706,238.25166536381676
1707,237.50416332774853
1708,236.87132911402557
1709,236.40824668424537
1710,236.1700000000056
1711,236.19223105219274
1712,236.43281394883704
1713,236.83018082725152
1714,237.32276382474942
1715,237.8489950786437
1716,238.3473067262475
1717,238.756130904874
1718,239.01389975183616
1719,239.0590454044472
1720,238.83000000002014
1721,238.2864315678376
1722,237.4729517050735
1723,236.45540790087787
1724,235.29964764440058
1725,234.0715184247917
1726,232.83686773120124
1727,231.66154305277922
1728,230.61139187867568
1729,229.75226169804054
1730,229.15000000002385
1731,228.85185267660123
1732,228.83065923103993
1733,229.0406575694266
1734,229.43608559784812
1735,229.9711812223914
1736,230.60018234914338
1737,231.27732688419067
1738,231.95685273362037
1739,232.5929978035192
1740,233.13999999997412
1741,233.5612177258064
1742,233.85649137078119
1743,234.03478182140117
1744,234.10504996416896
1745,234.076256685587
1746,233.9573628721579
1747,233.75732941038427
1748,233.48511718676878
1749,233.1496870878139
1750,232.76000000002222
1751,232.32609642012955
1752,231.8623352858052
1753,231.38415514495188
1754,230.90699454547246
1755,230.44629203526978
1756,230.01748616224657
1757,229.6360154743057
1758,229.31731851935
1759,229.07683384528224
1760,228.9300000000052
1761,228.88661659375325
1762,228.9339274860829
1763,229.05353759888015
1764,229.22705185403143
1765,229.4360751734227
1766,229.66221247894026
1767,229.88706869247014
1768,230.0922487358986
1769,230.2593575311118
1770,230.36999999999585
1771,230.4101372048806
1772,230.38315476987353
1773,230.29679445952715
1774,230.15879803839402
1775,229.97690727102668
1776,229.75886392197762
1777,229.51240975579952
1778,229.2452865370448
1779,228.96523603026606
1780,228.68000000001584
1781,228.39672458673866
1782,228.12017343444634
1783,227.85451456304267
1784,227.60391599243115
1785,227.3725457425155
1786,227.1645718331994
1787,226.98416228438637
1788,226.83548511598022
1789,226.72270834788452
1790,226.65000000000293
1791,226.61911444822763
1792,226.6221514924038
1793,226.64879728836428
1794,226.68873799194188
1795,226.7316597589694
1796,226.76724874527983
1797,226.78519110670592
1798,226.77517299908067
1799,226.72688057823672
1800,226.6300000000071
1801,226.47637762037954
1802,226.2665005959633
1803,226.00301628352338
1804,225.68857203982458
1805,225.32581522163196
1806,224.91739318571035
1807,224.46595328882478
1808,223.9741428877401
1809,223.44460933922127
1810,222.8800000000332
1811,222.28365507033118
1812,221.66168612383208
1813,221.0208975776432
1814,220.3680938488721
1815,219.71007935462612
1816,219.05365851201273
1817,218.40563573813924
1818,217.7728154501131
1819,217.16200206504175
1820,216.58000000003267
1821,216.03248209847635
1822,215.52059490889545
1823,215.04435340609533
1824,214.60377256488152
1825,214.19886736005927
1826,213.82965276643412
1827,213.49614375881143
1828,213.19835531199658
1829,212.93630240079506
1830,212.71000000001223
1831,212.51984653593098
1832,212.36777424074464
1833,212.25609879812416
1834,212.18713589174047
1835,212.1632012052646
1836,212.18661042236738
1837,212.2596792267198
1838,212.38472330199284
1839,212.56405833185744
1840,212.79999999998444
1841,213.09043175785237
1842,213.41550812816607
1843,213.75095140143637
1844,214.07248386817415
1845,214.35582781889008
1846,214.57670554409506
1847,214.71083933429986
1848,214.73395148001535
1849,214.62176427175223
1850,214.3500000000214
1851,213.90560643262745
1852,213.32043324655842
1853,212.6375555961001
1854,211.90004863553835
1855,211.15098751915903
1856,210.43344740124795
1857,209.79050343609092
1858,209.2652307779738
1859,208.90070458118245
1860,208.7400000000027
1861,208.8106525117331
1862,209.07803888571243
1863,209.4919962142864
1864,210.00236158980084
1865,210.55897210460168
1866,211.11166485103465
1867,211.6102769214457
1868,212.0046454081805
1869,212.24460740358506
1870,212.28000000000512
1871,212.07533352044805
1872,211.65381121057777
1873,211.05330954672527
1874,210.31170500522134
1875,209.4668740623968
1876,208.5566931945825
1877,207.61903887810936
1878,206.69178758930818
1879,205.81281580450977
1880,205.02000000004512
1881,204.34485340657938
1882,203.79343627211125
1883,203.3654455989715
1884,203.06057838949081
1885,202.878531646
1886,202.81900237082982
1887,202.88168756631092
1888,203.06628423477414
1889,203.3724893785502
1890,203.79999999996994
1891,204.3421928533677
1892,204.96716370108834
1893,205.63668805747798
1894,206.31254143688273
1895,206.95649935364875
1896,207.53033732212225
1897,207.9958308566492
1898,208.31475547157606
1899,208.44888668124867
1900,208.36000000001332
1901,208.02377517986997
1902,207.47150892344425
1903,206.7484021710208
1904,205.8996558628845
1905,204.97047093931982
1906,204.00604834061144
1907,203.0515890070442
1908,202.1522938789027
1909,201.35336389647154
1910,200.70000000003557
1911,200.22453642725344
1912,199.90784060527108
1913,199.7179132586036
1914,199.62275511176603
1915,199.59036688927355
1916,199.5887493156413
1917,199.58590311538435
1918,199.54982901301776
1919,199.44852773305675
1920,199.2500000000164
1921,198.93190911126655
1922,198.5105686556036
1923,198.0119547946826
1924,197.46204369015823
1925,196.88681150368552
1926,196.3122343969192
1927,195.7642885315142
1928,195.26895006912545
1929,194.8521951714078
1930,194.54000000001605
1931,194.35204712780813
1932,194.28284477244887
1933,194.3206075628036
1934,194.45355012773763
1935,194.6698870961165
1936,194.95783309680542
1937,195.30560275866992
1938,195.70141071057523
1939,196.13347158138683
1940,196.58999999997005
1941,197.0581923775268
1942,197.52117225460464
1943,197.96104495408713
1944,198.35991579885788
1945,198.69989011180056
1946,198.96307321579877
1947,199.13157043373616
1948,199.1874870884964
1949,199.11292850296303
1950,198.89000000001977
1951,198.51013336200106
1952,198.00206620905257
1953,197.4038626207743
1954,196.75358667676647
1955,196.0893024566292
1956,195.4490740399625
1957,194.8709655063665
1958,194.39304093544138
1959,194.05336440678724
1960,193.89000000000414
1961,193.92863417454728
1962,194.14544290928242
1963,194.50422456292537
1964,194.96877749419215
1965,195.50290006179856
1966,196.07039062446054
1967,196.63504754089394
1968,197.16066916981475
1969,197.61105386993881
1970,197.94999999998208
1971,198.1497999397954
1972,198.21672215377671
1973,198.1655291274623
1974,198.01098334638857
1975,197.76784729609165
1976,197.450883462108
1977,197.07485432997382
1978,196.65452238522542
1979,196.2046501133991
1980,195.7400000000313
1981,195.27462606625863
1982,194.81974847561995
1983,194.385878927254
1984,193.98352912029966
1985,193.6232107538959
1986,193.31543552718156
1987,193.07071513929554
1988,192.89956128937666
1989,192.81248567656394
1990,192.81999999999607
1991,192.92774579527466
1992,193.12188394384717
1993,193.38370516362187
1994,193.69450017250682
1995,194.03555968841013
1996,194.38817442924005
1997,194.73363511290464
1998,195.0532324573121
1999,195.32825718037057
2000,195.53999999998825
2001,195.67464075262555
2002,195.73791574895677
2003,195.74045041821026
2004,195.69287018961475
2005,195.6058004923986
2006,195.48986675579044
2007,195.35569440901875
2008,195.2139088813121
2009,195.07513560189895
2010,194.95000000000786
2011,194.84855119419234
2012,194.77853306030548
2013,194.7471131635248
2014,194.7614590690282
2015,194.82873834199336
2016,194.956118547598
2017,195.15076725101991
2018,195.41985201743682
2019,195.7705404120264
2020,196.20999999996644
2021,196.7415944705826
2022,197.35347200978896
2023,198.02997692764626
2024,198.75545353421478
2025,199.51424613955524
2026,200.29069905372805
2027,201.0691565867938
2028,201.83396304881302
2029,202.5694627498462
2030,203.25999999995392
2031,203.8913809232829
2032,204.45525890032653
2033,204.94474912566488
2034,205.35296679387818
2035,205.67302709954652
2036,205.89804523725013
2037,206.02113640156912
2038,206.0354157870837
2039,205.933998588374
2040,205.71000000002024
2041,205.36245183610765
2042,204.91405238874756
2043,204.3934165695586
2044,203.82915929015977
2045,203.24989546216966
2046,202.68423999720724
2047,202.16080780689134
2048,201.7082138028408
2049,201.35507289667427
2050,201.13000000001074
2051,201.05075173235892
2052,201.091651544778
2053,201.21616459621256
2054,201.3877560456071
2055,201.56989105190624
2056,201.72603477405448
2057,201.81965237099635
2058,201.81420900167643
2059,201.67316982503925
2060,201.3600000000294
2061,200.85016123453184
2062,200.16710143220408
2063,199.34626504564898
2064,198.4230965274696
2065,197.43304033026897
2066,196.41154090665015
2067,195.394042709216
2068,194.41599019056963
2069,193.51282780331405
2070,192.7200000000522
2071,192.06455332972908
2072,191.5399427266497
2073,191.13122522145758
2074,190.8234578447961
2075,190.60169762730865
2076,190.45100159963863
2077,190.3564267924295
2078,190.30303023632456
2079,190.2758689619673
2080,190.2600000000011
2081,190.24521544676503
2082,190.24024766138476
2083,190.25856406868363
2084,190.31363209348504
2085,190.41891916061226
2086,190.58789269488878
2087,190.83402012113794
2088,191.17076886418297
2089,191.61160634884746
2090,192.16999999995465
2091,192.8482448832036
2092,193.60394662778668
2093,194.383538503767
2094,195.13345378120772
2095,195.80012573017186
2096,196.3299876207227
2097,196.66947272292327
2098,196.76501430683678
2099,196.5630456425263
2100,196.010000000055
2101,195.0713350202919
2102,193.78860582734686
2103,192.22239191614392
2104,190.43327278160731
2105,188.48182791866114
2106,186.42863682222946
2107,184.33427898723647
2108,182.25933390860632
2109,180.26438108126305
2110,178.41000000013088
2111,176.7468450360221
2112,175.28587006329332
2113,174.0281038321847
2114,172.9745750929367
2115,172.1263125957895
2116,171.48434509098357
2117,171.04970132875903
2118,170.82341005935635
2119,170.80650003301582
2120,170.9999999999777
2121,171.39546483613012
2122,171.9465539199442
2123,172.5974527555345
2124,173.29234684701564
2125,173.97542169850217
2126,174.59086281410887
2127,175.0828556979502
2128,175.39558585414082
2129,175.47323878679532
2130,175.26000000002844
2131,174.72586561947992
2132,173.94407425691412
2133,173.01367514563228
2134,172.03371751893565
2135,171.10325061012557
2136,170.32132365250317
2137,169.78698587936978
2138,169.59928652402658
2139,169.85727481977486
2140,170.6599999999159
2141,172.06717268598973
2142,173.9811490524558
2143,176.2649466619945
2144,178.7815830772861
2145,181.39407586101098
2146,183.96544257584952
2147,186.35870078448198
2148,188.4368680495888
2149,190.06296193385026
2150,191.09999999994676
2151,191.45328363609846
2152,191.19724953272348
2153,190.44861820579933
2154,189.3241101713034
2155,187.9404459452131
2156,186.41434604350587
2157,184.86253098215917
2158,183.40172127715036
2159,182.14863744445682
2160,181.22000000005607
2161,180.7019427695046
2162,180.55825281664738
2163,180.72213051489427
2164,181.12677623765535
2165,181.70539035834037
2166,182.39117325035934
2167,183.1173252871222
2168,183.81704684203885
2169,184.42353828851927
2170,184.86999999997332
2171,185.10591528596936
2172,185.14589920072422
2173,185.02084973462098
2174,184.76166487804232
2175,184.39924262137123
2176,183.96448095499056
2177,183.48827786928314
2178,183.001531354632
2179,182.53513940141985
2180,182.1200000000297
2181,181.77901608662546
2182,181.50311038048835
2183,181.27521054667696
2184,181.0782442502497
2185,180.89513915626517
2186,180.70882292978195
2187,180.50222323585848
2188,180.2582677395534
2189,179.9598841059252
2190,179.5900000000324
2191,179.13767036765287
2192,178.61645927744735
2193,178.04605807879886
2194,177.44615812109035
2195,176.83645075370475
2196,176.2366273260251
2197,175.66637918743425
2198,175.14539768731532
2199,174.6933741750512
2200,174.33000000002482
2201,174.06767244295878
2202,173.88961250992642
2203,173.77174713833753
2204,173.6900032656016
2205,173.62030782912822
2206,173.5385877663269
2207,173.4207700146073
2208,173.242781511379
2209,172.98054919405158
2210,172.61000000003463
2211,172.11672986066353
2212,171.52501068298653
2213,170.86878336798233
2214,170.1819888166297
2215,169.49856792990735
2216,168.85246160879402
2217,168.27761075426835
2218,167.80795626730912
2219,167.477439048895
2220,167.32000000000482
2221,167.36002811456893
2222,167.5837047583158
2223,167.96765938992093
2224,168.4885214680598
2225,169.12292045140796
2226,169.84748579864097
2227,170.63884696843434
2228,171.47363341946357
2229,172.32847461040421
2230,173.1799999999318
2231,174.00906768099478
2232,174.81345028363737
2233,175.59514907217869
2234,176.356165310938
2235,177.09850026423442
2236,177.82415519638715
2237,178.5351313717154
2238,179.2334300545383
2239,179.9210525091751
2240,180.5999999999449
2241,181.27146116112195
2242,181.93337410679928
2243,182.5828643210248
2244,183.21705728784622
2245,183.83307849131117
2246,184.4280534154676
2247,184.99910754436306
2248,185.54336636204545
2249,186.0579553525625
2250,186.53999999996185
2251,186.98667767419832
2252,187.39537328885473
2253,187.76352364342085
2254,188.08856553738656
2255,188.36793577024164
2256,188.59907114147595
2257,188.7794084505792
2258,188.90638449704142
2259,188.97743608035222
2260,188.9900000000015
2261,188.9438781418957
2262,188.84833273760998
2263,188.7149911051373
2264,188.55548056247076
2265,188.3814284276031
2266,188.2044620185275
2267,188.03620865323674
2268,187.88829564972394
2269,187.77235032598202
2270,187.70000000000394
2271,187.67832975820798
2272,187.69625576070945
2273,187.7381519360466
2274,187.7883922127577
2275,187.8313505193811
2276,187.85140078445514
2277,187.83291693651802
2278,187.76027290410812
2279,187.61784261576372
2280,187.39000000002318
2281,187.0685628253087
2282,186.67512421958648
2283,186.23872115071023
2284,185.78839058653384
2285,185.3531694949111
2286,184.96209484369587
2287,184.64420360074186
2288,184.42853273390304
2289,184.34411921103313
2290,184.419999999986
2291,184.67502894065018
2292,185.08732736104244
2293,185.62483346120928
2294,186.255485441197
2295,186.9472215010521
2296,187.66797984082086
2297,188.38569866054982
2298,189.0683161602853
2299,189.6837705400736
2300,190.19999999996128
2301,190.59207141197854
2302,190.8635663360985
2303,191.02519500428167
2304,191.0876676484888
2305,191.0616945006804
2306,190.95798579281714
2307,190.78725175685963
2308,190.56020262476844
2309,190.2875486285042
2310,189.9800000000275
2311,189.6472754113243
2312,189.295127294481
2313,188.92831652160865
2314,188.5516039648185
2315,188.16975049622167
2316,187.7875169879293
2317,187.40966431205257
2318,187.0409533407027
2319,186.68614494599078
2320,186.35000000002802
2321,186.03722694283948
2322,185.752324486106
2323,185.49973890942238
2324,185.28391649238327
2325,185.10930351458336
2326,184.98034625561746
2327,184.90149099508034
2328,184.87718401256666
2329,184.91187158767116
2330,185.00999999998865
2331,185.1742668174334
2332,185.40037476119667
2333,185.6822778407883
2334,186.01393006571823
2335,186.38928544549628
2336,186.80229798963248
2337,187.24692170763657
2338,187.71711060901856
2339,188.20681870328832
2340,188.70999999995573
2341,189.2195357873403
2342,189.72401646899866
2343,190.21095972729645
2344,190.66788324459947
2345,191.0823047032733
2346,191.44174178568366
2347,191.73371217419614
2348,191.9457335511766
2349,192.06532359899057
2350,192.08000000000374
2351,191.98663003302298
2352,191.81947936262958
2353,191.62216324985093
2354,191.43829695571443
2355,191.3114957412475
2356,191.28537486747751
2357,191.40354959543183
2358,191.7096351861379
2359,192.24724690062305
2360,193.05999999991474
2361,194.17423408046113
2362,195.54718608037527
2363,197.11881727318197
2364,198.8290889324059
2365,200.61796233157187
2366,202.42539874420464
2367,204.19135944382882
2368,205.8558057039692
2369,207.3586987981506
2370,208.63999999989767
2371,209.65498364462252
2372,210.42017631530334
2373,210.96741765681384
2374,211.3285473140276
2375,211.5354049318184
2376,211.61983015505984
2377,211.61366262862572
2378,211.54874199738973
2379,211.4569079062254
2380,211.37000000000663
2381,211.31233134062683
2382,211.2781086580507
2383,211.25401209925872
2384,211.22672181123144
2385,211.18291794094935
2386,211.10928063539288
2387,210.99249004154262
2388,210.81922630637888
2389,210.57616957688242
2390,210.2500000000336
2391,209.83308099284855
2392,209.34050905249296
2393,208.79306394617112
2394,208.21152544108733
2395,207.61667330444595
2396,207.02928730345133
2397,206.47014720530777
2398,205.96003277721965
2399,205.5197237863913
2400,205.17000000002702
2401,204.9260046881656
2402,204.78033513217792
2403,204.71995211626603
2404,204.73181642463203
2405,204.80288884147816
2406,204.92013015100648
2407,205.07050113741917
2408,205.2409625849184
2409,205.41847527770634
2410,205.58999999998503
2411,205.74455025458695
2412,205.87935041886786
2413,205.9936775888147
2414,206.0868088604147
2415,206.1580213296548
2416,206.20659209252216
2417,206.23179824500383
2418,206.23291688308694
2419,206.20922510275858
2420,206.16000000000574
2421,206.0844842934593
2422,205.98178319232503
2423,205.85096752845263
2424,205.69110813369142
2425,205.50127583989095
2426,205.2805414789009
2427,205.02797588257064
2428,204.74264988274976
2429,204.42363431128783
2430,204.07000000003436
2431,203.68351257163226
2432,203.27671681190145
2433,202.86485229745674
2434,202.4631586049129
2435,202.08687531088472
2436,201.751241991987
2437,201.4714982248346
2438,201.26288358604216
2439,201.14063765222463
2440,201.11999999999676
2441,201.20945542015465
2442,201.39046956021204
2443,201.63775328186017
2444,201.92601744679035
2445,202.22997291669387
2446,202.52433055326196
2447,202.7838012181859
2448,202.983095773157
2449,203.0969250798665
2450,203.1000000000057
2451,202.97654574775132
2452,202.74884494723267
2453,202.44869457506988
2454,202.10789160788303
2455,201.7582330222923
2456,201.43151579491777
2457,201.15953690237956
2458,200.97409332129786
2459,200.9069820282927
2460,200.98999999998418
2461,201.24389158886362
2462,201.64519065089434
2463,202.15937841790458
2464,202.75193612172257
2465,203.38834499417658
2466,204.03408626709486
2467,204.65464117230562
2468,205.21549094163709
2469,205.68211680691755
2470,206.01999999997525
2471,206.20461789667536
2472,206.25143244904214
2473,206.18590175314262
2474,206.0334839050436
2475,205.81963700081207
2476,205.56981913651495
2477,205.3094884082192
2478,205.0641029119918
2479,204.8591207438995
2480,204.72000000000935
2481,204.665346824363
2482,204.68635955289378
2483,204.7673845695056
2484,204.89276825810242
2485,205.0468570025884
2486,205.21399718686763
2487,205.37853519484406
2488,205.52481741042166
2489,205.6371902175046
2490,205.69999999999692
2491,205.70244480586996
2492,205.6531293393705
2493,205.56550996881552
2494,205.45304306252189
2495,205.32918498880642
2496,205.20739211598615
2497,205.10112081237796
2498,205.02382744629872
2499,204.98896838606538
2500,205.00999999999487
2501,205.09577395215732
2502,205.23672308963046
2503,205.41867555524254
2504,205.62745949182198
2505,205.84890304219698
2506,206.06883434919587
2507,206.27308155564694
2508,206.44747280437852
2509,206.57783623821888
2510,206.64999999999634
2511,206.65444938546142
2512,206.60029830205906
2513,206.50131781015915
2514,206.37127897013164
2515,206.22395284234634
2516,206.07311048717324
2517,205.9325229649821
2518,205.81596133614286
2519,205.73719666102545
2520,205.70999999999975
2521,205.7440685059905
2522,205.83280370213728
2523,205.96553320413238
2524,206.13158462766785
2525,206.32028558843584
2526,206.5209637021284
2527,206.72294658443778
2528,206.91556185105603
2529,207.08813711767542
2530,207.22999999998794
2531,207.33377659054636
2532,207.40528688934978
2533,207.45364937325968
2534,207.4879825191377
2535,207.51740480384538
2536,207.55103470424433
2537,207.59799069719602
2538,207.66739125956212
2539,207.7683548682042
2540,207.90999999998377
2541,208.10144513176243
2542,208.35180874040176
2543,208.67020930276334
2544,209.06576529570873
2545,209.54759519609945
2546,210.12481748079722
2547,210.80655062666347
2548,211.6019131105598
2549,212.52002340934777
2550,213.569999999889
2551,213.57
2552,213.57
2553,213.57
2554,213.57
2555,213.57
2556,213.57
2557,213.57
2558,213.57
2559,213.57
2560,213.57
2561,213.57
2562,213.57
2563,213.57
2564,213.57
2565,213.57
2566,213.57
2567,213.57
2568,213.57
2569,213.57
2570,213.57
2571,213.57
2572,213.57
2573,213.57
2574,213.57
2575,213.57
2576,213.57
2577,213.57
2578,213.57
2579,213.57
2580,213.57
2581,213.57
2582,213.57
2583,213.57
2584,213.57
2585,213.57
2586,213.57
2587,213.57
2588,213.57
2589,213.57
2590,213.57
2591,213.57
2592,213.57
2593,213.57
2594,213.57
2595,213.57
2596,213.57
2597,213.57
2598,213.57
2599,213.57
2600,213.57
